handle	Day	mapid	extension	aspect
_aliceontheroad	01	_aliceontheroad_01	jpg	16x12
_aliceontheroad	02	_aliceontheroad_02	jpg	12x16
_anirudhgovind	01	_anirudhgovind_01	png	16x16
_anirudhgovind	02	_anirudhgovind_02	png	16x16
_anirudhgovind	03	_anirudhgovind_03	png	16x16
_anirudhgovind	04	_anirudhgovind_04	png	16x16
_anirudhgovind	05	_anirudhgovind_05	png	16x16
_anirudhgovind	06	_anirudhgovind_06	png	16x16
_anirudhgovind	07	_anirudhgovind_07	png	16x16
_anirudhgovind	08	_anirudhgovind_08	png	16x16
_egbg_	01	_egbg__01	jpg	14x16
_egbg_	02	_egbg__02	jpg	16x9
_egbg_	03	_egbg__03	jpg	16x9
_egbg_	04	_egbg__04	jpg	16x9
_kyliejane	01	_kyliejane_01	jpg	16x16
_kyliejane	02	_kyliejane_02	jpg	16x16
_kyliejane	03	_kyliejane_03	jpg	16x16
_penguin_runner	01	_penguin_runner_01	jpg	16x9
_penguin_runner	02	_penguin_runner_02	jpg	16x11
_penguin_runner	03	_penguin_runner_03	jpg	16x11
_penguin_runner	04	_penguin_runner_04	jpg	10x16
_penguin_runner	05	_penguin_runner_05	jpg	11x16
_penguin_runner	06	_penguin_runner_06	jpg	16x16
_penguin_runner	07	_penguin_runner_07	jpg	14x16
_piedelimon_	01	_piedelimon__01	jpg	16x9
_unpescador	01	_unpescador_01	jpg	16x13
_unpescador	02	_unpescador_02	jpg	7x16
_unpescador	03	_unpescador_03	jpg	16x13
_x_why	01	_x_why_01	jpg	16x9
1cartogRaph	01	1cartogRaph_01	jpg	16x11
1cartogRaph	02	1cartogRaph_02	jpg	16x7
1cartogRaph	04	1cartogRaph_04	jpg	16x11
1LuisDavid	01	1LuisDavid_01	jpg	13x16
1LuisDavid	02	1LuisDavid_02	jpg	13x16
1LuisDavid	03	1LuisDavid_03	jpg	16x12
1LuisDavid	04	1LuisDavid_04	jpg	16x16
1LuisDavid	05	1LuisDavid_05	jpg	16x8
57x025	01	57x025_01	jpg	16x11
achillida	01	achillida_01	jpg	16x11
achillida	02	achillida_02	jpg	16x11
achillida	03	achillida_03	jpg	16x11
achillida	04	achillida_04	jpg	16x11
adaezehs	01	adaezehs_01	jpg	16x9
adaezehs	02	adaezehs_02	jpg	9x16
adaezehs	03	adaezehs_03	jpg	9x16
adamdsteer	01	adamdsteer_01	jpg	16x9
adtrigg	02	adtrigg_02	jpg	12x16
AFCotroneo	01	AFCotroneo_01	jpg	16x14
AFCotroneo	02	AFCotroneo_02	jpg	16x6
AFCotroneo	03	AFCotroneo_03	jpg	16x10
AFCotroneo	04	AFCotroneo_04	jpg	16x14
AFCotroneo	05	AFCotroneo_05	jpg	16x10
AFCotroneo	07	AFCotroneo_07	jpg	16x8
afrimapr	01	afrimapr_01	png	16x15
afrimapr	02	afrimapr_02	jpg	14x16
afrimapr	03	afrimapr_03	jpg	16x16
aina_don	03	aina_don_03	jpg	11x16
aina_don	05	aina_don_05	jpg	16x8
aina_don	06	aina_don_06	jpg	16x8
akadouri	01	akadouri_01	jpg	16x16
akadouri	02	akadouri_02	jpg	16x16
akadouri	03	akadouri_03	png	16x11
akadouri	04	akadouri_04	png	13x16
akadouri	05	akadouri_05	png	15x16
akadouri	06	akadouri_06	jpg	16x10
AlandcoC	01	AlandcoC_01	jpg	16x11
AlandcoC	03	AlandcoC_03	jpg	16x12
AlandcoC	05	AlandcoC_05	jpg	14x16
AlandcoC	08	AlandcoC_08	jpg	16x11
AlbinPCLarsson	01	AlbinPCLarsson_01	jpg	16x14
AlbinPCLarsson	02	AlbinPCLarsson_02	png	16x12
AlbinPCLarsson	03	AlbinPCLarsson_03	jpg	16x15
AlbinPCLarsson	04	AlbinPCLarsson_04	jpg	16x13
Alina_Ristea	03	Alina_Ristea_03	jpg	16x11
allixender	01	allixender_01	jpg	16x9
allixender	02	allixender_02	png	16x12
allixender	07	allixender_07	jpg	16x16
allyoucanmap	01	allyoucanmap_01	jpg	16x12
alnpierre	01	alnpierre_01	jpg	16x13
aloCrts	01	aloCrts_01	jpg	16x11
aloCrts	02	aloCrts_02	jpg	16x11
aloCrts	03	aloCrts_03	jpg	16x11
aloCrts	04	aloCrts_04	jpg	16x11
Amit_Levinson	01	Amit_Levinson_01	png	16x13
Amit_Levinson	02	Amit_Levinson_02	jpg	9x16
Amit_Levinson	03	Amit_Levinson_03	png	11x16
Amit_Levinson	07	Amit_Levinson_07	jpg	16x16
AnalisisGeo	01	AnalisisGeo_01	jpg	16x11
AnalisisGeo	02	AnalisisGeo_02	jpg	16x11
AnalisisGeo	03	AnalisisGeo_03	jpg	16x16
AnalisisGeo	04	AnalisisGeo_04	jpg	16x11
Anamhoo	01	Anamhoo_01	jpg	16x8
AnatZohar4	01	AnatZohar4_01	jpg	16x14
AnatZohar4	02	AnatZohar4_02	jpg	16x16
AnatZohar4	03	AnatZohar4_03	jpg	16x16
AnatZohar4	04	AnatZohar4_04	jpg	16x15
AnatZohar4	05	AnatZohar4_05	jpg	16x13
AnatZohar4	06	AnatZohar4_06	jpg	16x13
anders_wikstrom	02	anders_wikstrom_02	jpg	16x16
andrewdc_nz	01	andrewdc_nz_01	jpg	11x16
andrewdc_nz	02	andrewdc_nz_02	jpg	16x11
andrewdc_nz	03	andrewdc_nz_03	jpg	16x11
andrewdc_nz	04	andrewdc_nz_04	jpg	16x11
andrewdc_nz	05	andrewdc_nz_05	jpg	11x16
andrewdc_nz	06	andrewdc_nz_06	jpg	16x11
andrewdc_nz	08	andrewdc_nz_08	png	16x10
AndrewRenninger	01	AndrewRenninger_01	jpg	16x11
AndrewRenninger	02	AndrewRenninger_02	jpg	16x16
andrewrfrench	01	andrewrfrench_01	jpg	16x6
andrewrfrench	02	andrewrfrench_02	jpg	16x12
andrewrfrench	03	andrewrfrench_03	jpg	16x11
andrewrfrench	05	andrewrfrench_05	jpg	16x16
andrewrfrench	06	andrewrfrench_06	jpg	16x10
andrewrfrench	07	andrewrfrench_07	jpg	14x16
andy_rutkowski	01	andy_rutkowski_01	jpg	16x9
andy_rutkowski	02	andy_rutkowski_02	jpg	14x16
andy_rutkowski	03	andy_rutkowski_03	jpg	16x11
andy_rutkowski	04	andy_rutkowski_04	png	16x15
andy_rutkowski	05	andy_rutkowski_05	jpg	16x14
anlugonz	01	anlugonz_01	jpg	16x9
anlugonz	02	anlugonz_02	jpg	16x9
anlugonz	03	anlugonz_03	png	16x9
anlugonz	04	anlugonz_04	jpg	16x9
anlugonz	05	anlugonz_05	jpg	16x9
anlugonz	07	anlugonz_07	jpg	16x9
annaballasiotes	01	annaballasiotes_01	jpg	16x13
antoaasa	01	antoaasa_01	jpg	16x14
antoaasa	02	antoaasa_02	jpg	16x11
antoaasa	03	antoaasa_03	png	16x13
antoaasa	04	antoaasa_04	jpg	16x10
antoaasa	05	antoaasa_05	jpg	16x11
antoaasa	06	antoaasa_06	png	16x15
antoaasa	07	antoaasa_07	jpg	16x11
antoniolocandro	01	antoniolocandro_01	jpg	16x8
antoniolocandro	02	antoniolocandro_02	jpg	16x13
areacartografia	01	areacartografia_01	jpg	16x12
areacartografia	02	areacartografia_02	jpg	16x12
areacartografia	03	areacartografia_03	jpg	16x11
areacartografia	04	areacartografia_04	jpg	16x11
areacartografia	05	areacartografia_05	jpg	16x11
areacartografia	06	areacartografia_06	jpg	16x11
areacartografia	07	areacartografia_07	jpg	16x13
armiok	01	armiok_01	jpg	16x11
armiok	02	armiok_02	jpg	16x9
armiok	03	armiok_03	jpg	16x9
armiok	04	armiok_04	jpg	16x13
Armire	01	Armire_01	jpg	16x11
Arnold_Platon	01	Arnold_Platon_01	jpg	14x16
Arnold_Platon	02	Arnold_Platon_02	jpg	16x7
Arnold_Platon	03	Arnold_Platon_03	jpg	16x10
Arnold_Platon	04	Arnold_Platon_04	jpg	16x12
arriskeus	01	arriskeus_01	png	16x14
arriskeus	02	arriskeus_02	jpg	16x11
arriskeus	03	arriskeus_03	jpg	16x11
arriskeus	04	arriskeus_04	jpg	16x11
arriskeus	05	arriskeus_05	jpg	16x11
arriskeus	06	arriskeus_06	jpg	16x11
arriskeus	07	arriskeus_07	jpg	16x7
Artisans_Cartos	01	Artisans_Cartos_01	jpg	16x8
Artisans_Cartos	02	Artisans_Cartos_02	jpg	16x8
Artisans_Cartos	03	Artisans_Cartos_03	png	16x8
Artisans_Cartos	04	Artisans_Cartos_04	jpg	16x9
asc_miriam	01	asc_miriam_01	jpg	16x16
asc_miriam	02	asc_miriam_02	jpg	16x16
asc_miriam	03	asc_miriam_03	jpg	16x16
asc_miriam	04	asc_miriam_04	jpg	16x16
asc_miriam	05	asc_miriam_05	jpg	16x16
asc_miriam	06	asc_miriam_06	jpg	16x16
Asgerpetersen	02	Asgerpetersen_02	png	16x11
assesslife	01	assesslife_01	jpg	16x9
assesslife	02	assesslife_02	jpg	16x12
assesslife	03	assesslife_03	jpg	16x11
assesslife	04	assesslife_04	jpg	16x16
assesslife	05	assesslife_05	jpg	16x14
assesslife	06	assesslife_06	jpg	16x14
assesslife	07	assesslife_07	jpg	14x16
assesslife	08	assesslife_08	jpg	16x13
astronomyblog	01	astronomyblog_01	jpg	16x9
astronomyblog	02	astronomyblog_02	jpg	16x9
astronomyblog	03	astronomyblog_03	jpg	16x9
astronomyblog	04	astronomyblog_04	jpg	12x16
astronomyblog	05	astronomyblog_05	jpg	16x7
astuntech	02	astuntech_02	jpg	16x9
atdodkonfektes	01	atdodkonfektes_01	jpg	16x16
atdodkonfektes	02	atdodkonfektes_02	jpg	16x16
atstyan	02	atstyan_02	jpg	16x16
AurelienChaumet	01	AurelienChaumet_01	jpg	14x16
AurelienChaumet	02	AurelienChaumet_02	jpg	16x16
AurelienChaumet	03	AurelienChaumet_03	jpg	16x16
AurelienChaumet	06	AurelienChaumet_06	jpg	16x11
AurelienChaumet	06	AurelienChaumet_06	jpg	16x11
AurelienChaumet	07	AurelienChaumet_07	jpg	16x16
AurelienChaumet	08	AurelienChaumet_08	jpg	16x11
AurelienChaumet	08	AurelienChaumet_08	jpg	16x11
Austromum	01	Austromum_01	jpg	16x9
Austromum	02	Austromum_02	jpg	16x13
Austromum	03	Austromum_03	jpg	16x11
Austromum	06	Austromum_06	jpg	16x11
Axel_AFNEG	01	Axel_AFNEG_01	jpg	16x11
azolnai	01	azolnai_01	jpg	12x16
azolnai	03	azolnai_03	jpg	12x16
azolnai	05	azolnai_05	jpg	16x10
azolnai	07	azolnai_07	jpg	11x16
azzadv	06	azzadv_06	jpg	16x9
azzadv	07	azzadv_07	jpg	16x16
balt_ti	01	balt_ti_01	jpg	8x16
balt_ti	02	balt_ti_02	jpg	16x16
balt_ti	03	balt_ti_03	jpg	16x13
balt_ti	04	balt_ti_04	jpg	16x11
balt_ti	05	balt_ti_05	jpg	16x9
balt_ti	06	balt_ti_06	jpg	16x16
balt_ti	07	balt_ti_07	jpg	16x16
balt_ti	08	balt_ti_08	jpg	16x16
BarryRuderman	06	BarryRuderman_06	jpg	16x8
BarryRuderman	07	BarryRuderman_07	jpg	16x8
basemap	05	basemap_05	jpg	16x11
bastimapache	01	bastimapache_01	jpg	8x16
bbroex	01	bbroex_01	jpg	14x16
bcsweb	05	bcsweb_05	jpg	16x16
BellMenna	01	BellMenna_01	jpg	11x16
BellMenna	02	BellMenna_02	jpg	11x16
BellMenna	03	BellMenna_03	jpg	11x16
BellMenna	05	BellMenna_05	jpg	11x16
BellMenna	07	BellMenna_07	jpg	11x16
benfriin	01	benfriin_01	jpg	16x11
benfriin	02	benfriin_02	jpg	16x16
benfriin	03	benfriin_03	jpg	11x16
benfriin	05	benfriin_05	jpg	14x16
benfriin	06	benfriin_06	jpg	16x9
benfriin	07	benfriin_07	jpg	16x11
BertrandHoud	01	BertrandHoud_01	jpg	16x9
BertrandHoud	02	BertrandHoud_02	jpg	16x9
BertrandHoud	03	BertrandHoud_03	jpg	16x9
BertrandHoud	04	BertrandHoud_04	jpg	16x16
bhupathi_boom	01	bhupathi_boom_01	jpg	14x16
bhupathi_boom	02	bhupathi_boom_02	jpg	16x11
bhupathi_boom	03	bhupathi_boom_03	jpg	16x13
BjnNowak	06	BjnNowak_06	jpg	14x16
BlandfordBread	01	BlandfordBread_01	jpg	16x11
BlandfordBread	02	BlandfordBread_02	jpg	16x11
BlandfordBread	03	BlandfordBread_03	jpg	16x11
BlandfordBread	04	BlandfordBread_04	png	11x16
BlandfordBread	05	BlandfordBread_05	jpg	16x11
BlandfordBread	06	BlandfordBread_06	jpg	16x11
BlandfordBread	07	BlandfordBread_07	png	11x16
BlandfordBread	08	BlandfordBread_08	jpg	16x11
bobackiel	01	bobackiel_01	jpg	16x15
bobackiel	02	bobackiel_02	jpg	16x15
bobbij_gis	01	bobbij_gis_01	jpg	16x9
bobbij_gis	02	bobbij_gis_02	png	16x14
bobbij_gis	03	bobbij_gis_03	jpg	16x12
Bobolica_	01	Bobolica__01	png	16x12
bplmaps	01	bplmaps_01	jpg	16x16
bplmaps	02	bplmaps_02	jpg	16x16
BrianSosban	01	BrianSosban_01	jpg	16x16
BrianSosban	02	BrianSosban_02	jpg	16x16
BrianSosban	03	BrianSosban_03	jpg	14x16
BrianSosban	04	BrianSosban_04	jpg	16x16
BrianSosban	05	BrianSosban_05	jpg	16x10
BrianSosban	06	BrianSosban_06	jpg	8x16
bricker	01	bricker_01	jpg	16x13
BrittLonneville	01	BrittLonneville_01	jpg	16x9
BrittLonneville	02	BrittLonneville_02	jpg	16x11
BrittLonneville	03	BrittLonneville_03	jpg	16x16
BrittLonneville	05	BrittLonneville_05	jpg	16x11
Brown_GIS	01	Brown_GIS_01	png	16x14
Brown_GIS	02	Brown_GIS_02	jpg	16x10
brunmuska	01	brunmuska_01	jpg	14x16
brunmuska	02	brunmuska_02	jpg	16x11
brunmuska	03	brunmuska_03	jpg	16x11
brunmuska	04	brunmuska_04	jpg	16x11
brunmuska	05	brunmuska_05	jpg	16x11
burdGIS	01	burdGIS_01	jpg	11x16
burdGIS	02	burdGIS_02	jpg	16x16
burdGIS	03	burdGIS_03	jpg	16x16
burdGIS	04	burdGIS_04	jpg	16x16
burdGIS	05	burdGIS_05	jpg	16x16
burdGIS	06	burdGIS_06	jpg	16x16
burdGIS	07	burdGIS_07	jpg	16x16
BZgeo	01	BZgeo_01	png	12x16
BZgeo	02	BZgeo_02	png	11x16
BZgeo	03	BZgeo_03	png	16x14
BZgeo	04	BZgeo_04	jpg	16x14
BZgeo	05	BZgeo_05	jpg	16x14
BZgeo	06	BZgeo_06	jpg	16x12
BZgeo	07	BZgeo_07	png	9x16
Camerongreen_96	01	Camerongreen_96_01	jpg	16x11
Camerongreen_96	02	Camerongreen_96_02	jpg	16x11
Camerongreen_96	03	Camerongreen_96_03	png	16x14
canonicalizedco	01	canonicalizedco_01	jpg	16x10
canonicalizedco	02	canonicalizedco_02	jpg	16x13
canonicalizedco	03	canonicalizedco_03	jpg	16x13
carlbaker	07	carlbaker_07	jpg	16x11
carlosrpz_	01	carlosrpz__01	jpg	16x11
carlosrpz_	02	carlosrpz__02	jpg	16x11
carlosrpz_	03	carlosrpz__03	jpg	16x11
carlosrpz_	04	carlosrpz__04	jpg	16x11
carlosrpz_	05	carlosrpz__05	jpg	16x10
CarmemMarx	03	CarmemMarx_03	jpg	12x16
CarmemMarx	04	CarmemMarx_04	jpg	12x16
CarmemMarx	05	CarmemMarx_05	jpg	12x16
CaRobson	01	CaRobson_01	png	16x14
CaRobson	05	CaRobson_05	jpg	14x16
CaRobson	06	CaRobson_06	jpg	16x14
CaRobson	07	CaRobson_07	png	16x13
carolpos	01	carolpos_01	jpg	9x16
carolpos	02	carolpos_02	jpg	14x16
Carto_ALex	02	Carto_ALex_02	jpg	16x9
carvalho_c_urb	01	carvalho_c_urb_01	jpg	16x14
cas_maps	01	cas_maps_01	jpg	12x16
cas_maps	02	cas_maps_02	jpg	16x11
cas_maps	03	cas_maps_03	jpg	16x11
cas_maps	04	cas_maps_04	jpg	16x10
cas_maps	05	cas_maps_05	jpg	16x10
cas_maps	06	cas_maps_06	jpg	16x10
cas_maps	07	cas_maps_07	jpg	16x8
CassClouston	01	CassClouston_01	png	10x16
CassClouston	02	CassClouston_02	png	16x15
CassClouston	03	CassClouston_03	jpg	10x16
Cchurchili	01	Cchurchili_01	jpg	13x16
Cchurchili	02	Cchurchili_02	jpg	16x16
ChekosWH	01	ChekosWH_01	jpg	16x9
ChekosWH	02	ChekosWH_02	jpg	16x13
ChekosWH	03	ChekosWH_03	jpg	9x16
ChekosWH	04	ChekosWH_04	jpg	16x11
ChekosWH	05	ChekosWH_05	jpg	16x13
chinmay_deval	01	chinmay_deval_01	jpg	16x15
chinmay_deval	02	chinmay_deval_02	png	16x9
ChrisLyons26	03	ChrisLyons26_03	jpg	16x12
ChrisLyons26	06	ChrisLyons26_06	jpg	12x16
ChrisLyons26	07	ChrisLyons26_07	jpg	16x12
ChrisLyons26	08	ChrisLyons26_08	jpg	16x12
chrisstelz	06	chrisstelz_06	jpg	16x15
cj_maps	01	cj_maps_01	jpg	16x10
cj_maps	02	cj_maps_02	jpg	16x16
cj_maps	03	cj_maps_03	jpg	16x11
cj_maps	04	cj_maps_04	jpg	15x16
cj_maps	05	cj_maps_05	jpg	16x11
cj_maps	06	cj_maps_06	jpg	16x11
cj_maps	07	cj_maps_07	jpg	16x9
clintyMw	01	clintyMw_01	jpg	16x11
clintyMw	04	clintyMw_04	jpg	11x16
clintyMw	05	clintyMw_05	jpg	16x11
clintyMw	07	clintyMw_07	jpg	9x16
cmhc23	01	cmhc23_01	jpg	16x11
cmhc23	02	cmhc23_02	jpg	16x11
cmhc23	03	cmhc23_03	jpg	16x11
cmjonestodd	02	cmjonestodd_02	png	16x16
cmjonestodd	03	cmjonestodd_03	png	16x16
ConorGleeson12	01	ConorGleeson12_01	jpg	12x16
ConorGleeson12	02	ConorGleeson12_02	jpg	16x7
ConorGleeson12	03	ConorGleeson12_03	jpg	12x16
ConorGleeson12	05	ConorGleeson12_05	jpg	16x12
ConorGleeson12	06	ConorGleeson12_06	jpg	16x8
courtney_geo	01	courtney_geo_01	jpg	16x9
courtney_geo	02	courtney_geo_02	jpg	16x9
cruizch	01	cruizch_01	jpg	16x11
CRVanPollard	01	CRVanPollard_01	jpg	16x9
CRVanPollard	02	CRVanPollard_02	jpg	16x10
CRVanPollard	03	CRVanPollard_03	jpg	16x9
CRVanPollard	04	CRVanPollard_04	jpg	16x9
CRVanPollard	05	CRVanPollard_05	jpg	16x9
CRVanPollard	06	CRVanPollard_06	jpg	16x9
CRVanPollard	07	CRVanPollard_07	jpg	16x9
Crys_Conway	01	Crys_Conway_01	jpg	12x16
Crys_Conway	02	Crys_Conway_02	jpg	12x16
Crys_Conway	03	Crys_Conway_03	jpg	12x16
Crys_Conway	04	Crys_Conway_04	jpg	16x7
cstats1	01	cstats1_01	jpg	16x9
cstats1	02	cstats1_02	jpg	16x9
cstats1	03	cstats1_03	jpg	16x10
cstats1	04	cstats1_04	jpg	16x10
cstats1	05	cstats1_05	jpg	16x9
cullen_carto	01	cullen_carto_01	jpg	16x12
dakvid	06	dakvid_06	png	14x16
DanaeKontou	01	DanaeKontou_01	jpg	16x12
DanaeKontou	02	DanaeKontou_02	jpg	16x16
DanaeKontou	03	DanaeKontou_03	jpg	15x16
DanaeKontou	04	DanaeKontou_04	png	16x15
DanaeKontou	05	DanaeKontou_05	jpg	11x16
DanaeKontou	07	DanaeKontou_07	jpg	11x16
dandanduhnnnn	01	dandanduhnnnn_01	jpg	11x16
dandanduhnnnn	02	dandanduhnnnn_02	jpg	16x16
dandanduhnnnn	03	dandanduhnnnn_03	jpg	16x16
dandanduhnnnn	04	dandanduhnnnn_04	jpg	11x16
darenw	01	darenw_01	jpg	16x11
darenw	02	darenw_02	jpg	16x13
darenw	03	darenw_03	jpg	16x10
darenw	04	darenw_04	jpg	16x10
darenw	05	darenw_05	jpg	16x14
darenw	06	darenw_06	png	16x16
darenw	07	darenw_07	jpg	16x11
darioingiusto	01	darioingiusto_01	jpg	16x7
darioingiusto	02	darioingiusto_02	jpg	15x16
darioingiusto	03	darioingiusto_03	jpg	16x11
darioingiusto	05	darioingiusto_05	jpg	16x10
darwinanddavis	01	darwinanddavis_01	jpg	16x8
darwinanddavis	02	darwinanddavis_02	jpg	16x11
darwinanddavis	04	darwinanddavis_04	jpg	16x10
darwinanddavis	06	darwinanddavis_06	jpg	16x10
dataisawesomeo	01	dataisawesomeo_01	jpg	11x16
dataisawesomeo	02	dataisawesomeo_02	jpg	11x16
dataisawesomeo	03	dataisawesomeo_03	jpg	11x16
dataisawesomeo	04	dataisawesomeo_04	jpg	11x16
dataisawesomeo	05	dataisawesomeo_05	jpg	16x11
dataisawesomeo	07	dataisawesomeo_07	png	16x11
DatavizAdventuR	01	DatavizAdventuR_01	jpg	16x16
davidia_antiqua	06	davidia_antiqua_06	jpg	16x16
DavidNg96191301	01	DavidNg96191301_01	jpg	16x11
DavidNg96191301	02	DavidNg96191301_02	jpg	16x11
DavidNg96191301	04	DavidNg96191301_04	jpg	16x11
DavidNg96191301	06	DavidNg96191301_06	jpg	16x11
dbgoody	01	dbgoody_01	jpg	16x13
dbgoody	02	dbgoody_02	png	16x8
dbgoody	03	dbgoody_03	png	16x9
dbgoody	04	dbgoody_04	png	16x8
dbgoody	05	dbgoody_05	png	11x16
dbgoody	06	dbgoody_06	png	15x16
deboleenam5	01	deboleenam5_01	jpg	16x12
deboleenam5	02	deboleenam5_02	jpg	16x12
deboleenam5	04	deboleenam5_04	jpg	16x11
deboleenam5	05	deboleenam5_05	jpg	16x11
DenitzaV	04	DenitzaV_04	jpg	16x12
dgplacenames	01	dgplacenames_01	jpg	11x16
dgplacenames	02	dgplacenames_02	jpg	16x10
dgplacenames	03	dgplacenames_03	jpg	16x9
dgplacenames	04	dgplacenames_04	jpg	16x11
dgplacenames	05	dgplacenames_05	jpg	16x8
dgplacenames	07	dgplacenames_07	jpg	16x8
Di_dyne	01	Di_dyne_01	jpg	16x11
Di_dyne	07	Di_dyne_07	jpg	16x11
dic1991	01	dic1991_01	jpg	16x11
dickoah	01	dickoah_01	jpg	15x16
dickoah	02	dickoah_02	jpg	16x15
dickoah	03	dickoah_03	jpg	15x16
dickoah	05	dickoah_05	jpg	15x16
dickoah	06	dickoah_06	jpg	15x16
dickoah	07	dickoah_07	jpg	15x16
dr_xeo	01	dr_xeo_01	jpg	16x14
dr_xeo	02	dr_xeo_02	jpg	16x9
dr_xeo	03	dr_xeo_03	jpg	13x16
dr_xeo	04	dr_xeo_04	jpg	16x10
dr_xeo	05	dr_xeo_05	jpg	16x16
DrChrisGeoSci	01	DrChrisGeoSci_01	png	16x16
DrChrisGeoSci	02	DrChrisGeoSci_02	jpg	16x16
DrChrisGeoSci	03	DrChrisGeoSci_03	jpg	16x16
DrChrisGeoSci	04	DrChrisGeoSci_04	jpg	16x16
DrChrisGeoSci	05	DrChrisGeoSci_05	jpg	16x16
DrChrisGeoSci	06	DrChrisGeoSci_06	jpg	16x16
DrChrisGeoSci	07	DrChrisGeoSci_07	jpg	16x16
DrGeoffSmith	01	DrGeoffSmith_01	jpg	16x11
DrGeoffSmith	02	DrGeoffSmith_02	jpg	16x10
DrGeoffSmith	03	DrGeoffSmith_03	jpg	16x10
DrGeoffSmith	05	DrGeoffSmith_05	jpg	16x11
DrGeoffSmith	06	DrGeoffSmith_06	jpg	16x12
DrGeoffSmith	07	DrGeoffSmith_07	jpg	16x11
DrNicNacks	01	DrNicNacks_01	jpg	16x9
DrNicNacks	02	DrNicNacks_02	jpg	16x8
DrNicNacks	03	DrNicNacks_03	jpg	16x11
DrNicNacks	04	DrNicNacks_04	jpg	16x11
DrNicNacks	05	DrNicNacks_05	jpg	16x8
DrNicNacks	06	DrNicNacks_06	jpg	16x9
DrNicNacks	07	DrNicNacks_07	jpg	16x11
dusziv	01	dusziv_01	jpg	11x16
dusziv	02	dusziv_02	jpg	16x11
DVDMaps	01	DVDMaps_01	jpg	16x12
DVDMaps	02	DVDMaps_02	jpg	16x9
DVDMaps	03	DVDMaps_03	jpg	16x9
DVDMaps	04	DVDMaps_04	jpg	16x9
DVDMaps	05	DVDMaps_05	jpg	16x9
DVDMaps	06	DVDMaps_06	jpg	16x9
DVDMaps	07	DVDMaps_07	jpg	16x9
DylanMoriarty	01	DylanMoriarty_01	jpg	16x11
e2molin	01	e2molin_01	jpg	16x15
e2molin	02	e2molin_02	jpg	16x12
e2molin	03	e2molin_03	jpg	16x13
e2molin	04	e2molin_04	jpg	16x12
e2molin	05	e2molin_05	jpg	16x11
e2molin	06	e2molin_06	jpg	16x8
e2molin	07	e2molin_07	jpg	16x7
EbingerSamara	01	EbingerSamara_01	jpg	16x10
EbingerSamara	03	EbingerSamara_03	png	16x13
Edgards04	01	Edgards04_01	jpg	16x11
Edgards04	02	Edgards04_02	jpg	16x11
Edgards04	03	Edgards04_03	jpg	16x11
Edgards04	07	Edgards04_07	jpg	16x8
ehab_hessy	01	ehab_hessy_01	jpg	16x11
ehab_hessy	02	ehab_hessy_02	jpg	13x16
ehab_hessy	03	ehab_hessy_03	jpg	11x16
ehab_hessy	05	ehab_hessy_05	jpg	16x10
ElevationApi	02	ElevationApi_02	png	16x10
ElevationApi	03	ElevationApi_03	jpg	16x9
EllipSIG	01	EllipSIG_01	jpg	16x11
elmalovestrees	01	elmalovestrees_01	jpg	12x16
elmalovestrees	02	elmalovestrees_02	jpg	14x16
elmalovestrees	03	elmalovestrees_03	jpg	16x13
elmalovestrees	05	elmalovestrees_05	jpg	16x12
elmalovestrees	07	elmalovestrees_07	jpg	16x13
emilmalta	02	emilmalta_02	jpg	7x16
emilmalta	03	emilmalta_03	jpg	9x16
emilmalta	05	emilmalta_05	jpg	14x16
emilmalta	07	emilmalta_07	jpg	9x16
EnriquePablito	01	EnriquePablito_01	jpg	16x11
EnriquePablito	02	EnriquePablito_02	jpg	16x11
EnriquePablito	03	EnriquePablito_03	jpg	14x16
EnriquePablito	04	EnriquePablito_04	jpg	15x16
EnriquePablito	05	EnriquePablito_05	jpg	16x16
EnriqueRetamoza	01	EnriqueRetamoza_01	jpg	14x16
EnriqueRetamoza	02	EnriqueRetamoza_02	jpg	14x16
EnriqueRetamoza	03	EnriqueRetamoza_03	jpg	16x10
EnriqueRetamoza	04	EnriqueRetamoza_04	jpg	11x16
EnriqueRetamoza	05	EnriqueRetamoza_05	jpg	16x10
EnriqueRetamoza	06	EnriqueRetamoza_06	jpg	16x10
erin_caughey	01	erin_caughey_01	jpg	16x11
erin_caughey	02	erin_caughey_02	jpg	16x10
erin_caughey	03	erin_caughey_03	jpg	16x9
ErwanRivault	01	ErwanRivault_01	jpg	16x16
ErwanRivault	02	ErwanRivault_02	jpg	13x16
ErwanRivault	03	ErwanRivault_03	jpg	15x16
ErwanRivault	04	ErwanRivault_04	jpg	16x13
ErwanRivault	05	ErwanRivault_05	jpg	16x14
ErwanRivault	06	ErwanRivault_06	jpg	16x16
est987	01	est987_01	jpg	12x16
est987	02	est987_02	jpg	9x16
est987	03	est987_03	jpg	15x16
est987	04	est987_04	jpg	11x16
est987	05	est987_05	jpg	11x16
est987	07	est987_07	jpg	7x16
evelynuuemaa	01	evelynuuemaa_01	jpg	16x9
evelynuuemaa	02	evelynuuemaa_02	jpg	16x9
evelynuuemaa	08	evelynuuemaa_08	jpg	16x9
F00o00d	01	F00o00d_01	jpg	16x9
F00o00d	03	F00o00d_03	jpg	16x11
FastClouds	03	FastClouds_03	jpg	16x11
fbahoken	05	fbahoken_05	jpg	15x16
fbahoken	08	fbahoken_08	jpg	16x8
fede_gaspari	01	fede_gaspari_01	jpg	16x11
fede_gaspari	02	fede_gaspari_02	jpg	16x9
fede_gaspari	03	fede_gaspari_03	jpg	16x11
fede_gaspari	05	fede_gaspari_05	jpg	16x16
fede_gaspari	06	fede_gaspari_06	jpg	16x9
fede_gaspari	07	fede_gaspari_07	jpg	16x10
FedericoTallis	04	FedericoTallis_04	jpg	16x14
fegranm	02	fegranm_02	jpg	16x16
FelipeDantasPI	01	FelipeDantasPI_01	jpg	9x16
FelipeDantasPI	02	FelipeDantasPI_02	jpg	9x16
FelipeDantasPI	03	FelipeDantasPI_03	jpg	16x16
FelipeSanchezB	01	FelipeSanchezB_01	jpg	3x16
fleischkas	01	fleischkas_01	jpg	16x15
footloose_nil	03	footloose_nil_03	jpg	16x9
footloose_nil	05	footloose_nil_05	jpg	16x16
footloose_nil	06	footloose_nil_06	jpg	14x16
footloose_nil	07	footloose_nil_07	jpg	16x8
FrancescaPontin	02	FrancescaPontin_02	png	16x11
FrancescaPontin	03	FrancescaPontin_03	png	16x12
FrancescaPontin	04	FrancescaPontin_04	jpg	16x9
Franck_Akouete	01	Franck_Akouete_01	png	16x15
fritzGIS	01	fritzGIS_01	jpg	16x9
fritzGIS	02	fritzGIS_02	jpg	16x11
fritzGIS	03	fritzGIS_03	png	16x8
Fuertebrazos	01	Fuertebrazos_01	jpg	16x11
Fuertebrazos	02	Fuertebrazos_02	jpg	16x10
Fuertebrazos	03	Fuertebrazos_03	jpg	16x7
g_fiske	02	g_fiske_02	jpg	16x16
Gaelle_Sutton	01	Gaelle_Sutton_01	jpg	16x11
Gaelle_Sutton	02	Gaelle_Sutton_02	jpg	16x10
gartn001	01	gartn001_01	png	16x8
gartn001	02	gartn001_02	jpg	16x9
gartn001	03	gartn001_03	jpg	16x9
gartn001	05	gartn001_05	png	16x11
Generally_Geo	01	Generally_Geo_01	jpg	11x16
Generally_Geo	03	Generally_Geo_03	jpg	16x12
Generally_Geo	04	Generally_Geo_04	jpg	16x11
Geo__Don	01	Geo__Don_01	jpg	16x9
Geo__Nerd__Rish	05	Geo__Nerd__Rish_05	jpg	16x8
Geo__Nerd__Rish	07	Geo__Nerd__Rish_07	jpg	16x8
geo_alyaqout	01	geo_alyaqout_01	jpg	16x11
geo_alyaqout	02	geo_alyaqout_02	jpg	16x11
geo_alyaqout	03	geo_alyaqout_03	jpg	16x13
geo_alyaqout	05	geo_alyaqout_05	jpg	16x13
geo_alyaqout	06	geo_alyaqout_06	jpg	16x11
geo_alyaqout	07	geo_alyaqout_07	jpg	16x15
geo_brady	01	geo_brady_01	jpg	16x12
geobach_za	01	geobach_za_01	jpg	16x11
geobach_za	03	geobach_za_03	jpg	16x7
geobach_za	05	geobach_za_05	jpg	16x11
geocarta	01	geocarta_01	jpg	12x16
geocarta	02	geocarta_02	jpg	12x16
geocarta	03	geocarta_03	jpg	12x16
GeoConor	07	GeoConor_07	jpg	16x10
geodatascience	01	geodatascience_01	png	16x15
geodatascience	02	geodatascience_02	jpg	16x6
geodatascience	03	geodatascience_03	jpg	16x8
geodatascience	04	geodatascience_04	jpg	12x16
geodatascience	05	geodatascience_05	jpg	16x16
geodatascience	06	geodatascience_06	jpg	16x7
geodatascience	07	geodatascience_07	jpg	16x7
GeoDave5280	01	GeoDave5280_01	jpg	16x11
GeoDave5280	02	GeoDave5280_02	jpg	16x11
GeoDave5280	03	GeoDave5280_03	jpg	16x10
geogoeroe	01	geogoeroe_01	jpg	16x11
geograph_bi	01	geograph_bi_01	png	15x16
GeoJonna	05	GeoJonna_05	jpg	16x15
geokaramanis	01	geokaramanis_01	png	8x16
geokaramanis	02	geokaramanis_02	jpg	16x16
geokaramanis	03	geokaramanis_03	jpg	16x16
geokaramanis	05	geokaramanis_05	jpg	16x8
geologyjesse	01	geologyjesse_01	jpg	16x9
geologyjesse	02	geologyjesse_02	jpg	16x9
geologyjesse	03	geologyjesse_03	jpg	16x16
geologyjesse	05	geologyjesse_05	jpg	16x16
geologyjesse	06	geologyjesse_06	jpg	16x16
geologyjesse	07	geologyjesse_07	jpg	16x16
geomigr	07	geomigr_07	png	16x13
geomigr	08	geomigr_08	jpg	11x16
GeoNerdish	01	GeoNerdish_01	jpg	16x10
GeoNerdish	02	GeoNerdish_02	jpg	16x8
GeoNerdish	03	GeoNerdish_03	jpg	16x8
geoObserver_	01	geoObserver__01	jpg	16x14
geoObserver_	05	geoObserver__05	jpg	16x9
geoObserver_	06	geoObserver__06	jpg	16x15
geoscentricos	01	geoscentricos_01	jpg	16x8
geoscentricos	02	geoscentricos_02	jpg	16x8
geoscentricos	03	geoscentricos_03	jpg	16x11
geoscentricos	04	geoscentricos_04	jpg	16x8
geoscentricos	05	geoscentricos_05	jpg	16x11
geoscentricos	06	geoscentricos_06	jpg	16x8
geoscentricos	07	geoscentricos_07	jpg	16x8
geospacedman	01	geospacedman_01	png	9x16
geospacedman	02	geospacedman_02	png	16x15
geospacedman	03	geospacedman_03	png	16x8
geospacedman	04	geospacedman_04	jpg	16x10
geospacedman	05	geospacedman_05	png	16x13
geospacedman	06	geospacedman_06	png	16x16
geospacedman	07	geospacedman_07	jpg	16x11
GeospatialJ	01	GeospatialJ_01	jpg	16x9
GeospatialJ	02	GeospatialJ_02	jpg	16x15
GeospatialJ	03	GeospatialJ_03	png	11x16
geotologist	01	geotologist_01	png	11x16
geotologist	02	geotologist_02	jpg	12x16
geotologist	03	geotologist_03	jpg	11x16
geotologist	04	geotologist_04	jpg	11x16
geotologist	05	geotologist_05	jpg	11x16
geotologist	06	geotologist_06	jpg	11x16
geotologist	07	geotologist_07	jpg	11x16
GeotoZee	01	GeotoZee_01	jpg	16x10
GeotoZee	02	GeotoZee_02	jpg	16x9
GeotoZee	03	GeotoZee_03	jpg	16x11
GeotoZee	04	GeotoZee_04	jpg	16x11
germp	02	germp_02	jpg	16x15
GIS_Manipulator	07	GIS_Manipulator_07	jpg	16x11
gis3700	01	gis3700_01	jpg	16x13
gis3700	02	gis3700_02	jpg	16x13
gis3700	03	gis3700_03	jpg	16x9
gis3700	05	gis3700_05	jpg	16x16
gis3700	06	gis3700_06	jpg	16x7
gis3700	07	gis3700_07	jpg	16x13
gischops	01	gischops_01	jpg	13x16
gisordie	01	gisordie_01	jpg	16x9
gisordie	02	gisordie_02	jpg	16x11
giurugg	01	giurugg_01	jpg	16x12
giurugg	02	giurugg_02	jpg	16x11
giurugg	03	giurugg_03	jpg	16x10
gkankia	01	gkankia_01	jpg	16x8
GokulAnand_	01	GokulAnand__01	jpg	10x16
gontsa	01	gontsa_01	jpg	16x11
gontsa	02	gontsa_02	png	16x11
gontsa	03	gontsa_03	jpg	16x11
gontsa	05	gontsa_05	jpg	16x11
gontsa	07	gontsa_07	jpg	16x11
gonzalotalavera	01	gonzalotalavera_01	jpg	16x16
gonzalotalavera	02	gonzalotalavera_02	png	11x16
GrugetM	01	GrugetM_01	jpg	14x16
GuardedDon	05	GuardedDon_05	jpg	16x11
GutierrezyMarco	01	GutierrezyMarco_01	png	16x10
hannahdormido	01	hannahdormido_01	jpg	16x10
hannahdormido	02	hannahdormido_02	jpg	16x11
hannahker11	01	hannahker11_01	jpg	16x9
hannahker11	07	hannahker11_07	jpg	16x7
hansakwast	01	hansakwast_01	jpg	16x9
hansakwast	02	hansakwast_02	jpg	12x16
hansakwast	03	hansakwast_03	jpg	11x16
hansakwast	04	hansakwast_04	jpg	13x16
hansakwast	05	hansakwast_05	png	16x11
HarelDan	01	HarelDan_01	jpg	16x8
HeikkiVesanto	01	HeikkiVesanto_01	jpg	13x16
HeikkiVesanto	02	HeikkiVesanto_02	jpg	13x16
HeikkiVesanto	03	HeikkiVesanto_03	jpg	15x16
Helenmckmck	01	Helenmckmck_01	jpg	16x13
Helenmckmck	02	Helenmckmck_02	jpg	16x16
Helenmckmck	03	Helenmckmck_03	jpg	16x16
Helenmckmck	04	Helenmckmck_04	jpg	16x11
Helenmckmck	05	Helenmckmck_05	jpg	14x16
Helenmckmck	07	Helenmckmck_07	jpg	16x16
hendrikxleo	01	hendrikxleo_01	jpg	16x16
hendrikxleo	02	hendrikxleo_02	png	16x16
hendrikxleo	03	hendrikxleo_03	jpg	16x16
hendrikxleo	04	hendrikxleo_04	jpg	16x16
hendrikxleo	05	hendrikxleo_05	jpg	16x16
hendrikxleo	06	hendrikxleo_06	jpg	16x16
herrerajuans	01	herrerajuans_01	jpg	16x10
herrerajuans	02	herrerajuans_02	jpg	16x11
herrerajuans	03	herrerajuans_03	jpg	16x9
herrerajuans	04	herrerajuans_04	jpg	16x9
Hevski17	01	Hevski17_01	jpg	16x13
Hevski17	02	Hevski17_02	png	16x13
Hevski17	03	Hevski17_03	jpg	16x12
Hevski17	04	Hevski17_04	png	11x16
Hevski17	05	Hevski17_05	jpg	16x9
Hevski17	06	Hevski17_06	jpg	16x9
Hey_Billy	03	Hey_Billy_03	jpg	16x9
hireuter	01	hireuter_01	png	16x11
hireuter	02	hireuter_02	png	16x11
hireuter	03	hireuter_03	jpg	16x11
hireuter	04	hireuter_04	jpg	16x11
hireuter	05	hireuter_05	jpg	16x11
hireuter	07	hireuter_07	jpg	16x11
hireuter	08	hireuter_08	jpg	16x11
HudaBader7	01	HudaBader7_01	jpg	11x16
hurricanevicky	01	huricanevicky_01	jpg	14x16
hurricanevicky	02	hurricanevicky_02	jpg	16x8
iamSimon_A	01	iamSimon_A_01	jpg	11x16
iamSimon_A	02	iamSimon_A_02	jpg	16x9
iamSimon_A	03	iamSimon_A_03	jpg	11x16
iamSimon_A	04	iamSimon_A_04	jpg	16x11
iamSimon_A	05	iamSimon_A_05	jpg	16x11
iamSimon_A	06	iamSimon_A_06	jpg	11x16
iamwfx	01	iamwfx_01	jpg	16x8
iamwfx	02	iamwfx_02	jpg	16x8
iamwfx	03	iamwfx_03	jpg	16x9
Iawmatthew	01	Iawmatthew_01	jpg	13x16
Iawmatthew	02	Iawmatthew_02	jpg	11x16
Iawmatthew	03	Iawmatthew_03	jpg	11x16
Iawmatthew	04	Iawmatthew_04	jpg	16x11
Iawmatthew	05	Iawmatthew_05	jpg	16x11
Iawmatthew	07	Iawmatthew_07	jpg	15x16
igeolise	03	igeolise_03	jpg	16x15
IIEGJ	01	IIEGJ_01	jpg	16x16
IIEGJ	02	IIEGJ_02	jpg	16x16
IIEGJ	03	IIEGJ_03	jpg	16x16
IIEGJ	04	IIEGJ_04	jpg	16x16
IIEGJ	05	IIEGJ_05	jpg	16x16
IIEGJ	06	IIEGJ_06	jpg	16x16
IIEGJ	07	IIEGJ_07	jpg	16x16
ijturton	01	ijturton_01	jpg	16x7
ijturton	02	ijturton_02	jpg	11x16
ijturton	03	ijturton_03	jpg	16x11
ijturton	05	ijturton_05	jpg	16x10
ijturton	06	ijturton_06	jpg	11x16
ijturton	07	ijturton_07	jpg	11x16
IKEDA_02	01	IKEDA_02_01	jpg	16x11
IKEDA_02	02	IKEDA_02_02	jpg	16x11
IKEDA_02	03	IKEDA_02_03	jpg	16x11
IKEDA_02	04	IKEDA_02_04	jpg	11x16
IKEDA_02	05	IKEDA_02_05	jpg	16x11
IKEDA_02	06	IKEDA_02_06	png	16x11
IKEDA_02	07	IKEDA_02_07	jpg	16x11
IKEDA_02	08	IKEDA_02_08	jpg	16x11
ilianitev	01	ilianitev_01	jpg	16x11
ilyankou	01	ilyankou_01	jpg	9x16
ilyankou	02	ilyankou_02	jpg	16x9
ilyankou	03	ilyankou_03	jpg	16x9
ilyankou	04	ilyankou_04	jpg	16x9
ilyankou	05	ilyankou_05	jpg	16x9
ilyankou	06	ilyankou_06	jpg	16x9
ilyankou	07	ilyankou_07	jpg	16x9
ilyankou	08	ilyankou_08	jpg	16x9
imDebanjan	01	imDebanjan_01	jpg	16x7
imDebanjan	02	imDebanjan_02	jpg	12x16
imDebanjan	03	imDebanjan_03	jpg	13x16
iMohamedlil	01	iMohamedlil_01	jpg	14x16
inari_ta	01	inari_ta_01	jpg	16x11
inari_ta	02	inari_ta_02	png	16x11
IneffectiveMath	01	IneffectiveMath_01	png	13x16
IneffectiveMath	02	IneffectiveMath_02	jpg	13x16
inguibona	03	inguibona_03	png	15x16
io_exception	02	io_exception_02	png	16x8
isabelnthomas	03	isabelnthomas_03	jpg	16x9
ivelasq3	01	ivelasq3_01	jpg	15x16
iwengraf	06	iwengraf_06	jpg	14x16
iwengraf	07	iwengraf_07	jpg	16x14
jackffrench	01	jackffrench_01	jpg	16x11
jackffrench	02	jackffrench_02	jpg	11x16
jackffrench	03	jackffrench_03	jpg	11x16
jackffrench	04	jackffrench_04	jpg	11x16
jackffrench	05	jackffrench_05	png	11x16
jakub_nowosad	04	jakub_nowosad_04	png	16x16
JamesGABrown	01	JamesGABrown_01	jpg	16x14
JamesGABrown	02	JamesGABrown_02	jpg	16x9
JamesGABrown	03	JamesGABrown_03	jpg	16x13
JamesGABrown	05	JamesGABrown_05	jpg	16x15
JanPhilippKolb	01	JanPhilippKolb_01	png	16x16
JanPhilippKolb	02	JanPhilippKolb_02	png	16x16
JanPhilippKolb	03	JanPhilippKolb_03	png	16x16
JanPhilippKolb	04	JanPhilippKolb_04	png	16x16
JanPhilippKolb	05	JanPhilippKolb_05	png	16x16
JanPhilippKolb	06	JanPhilippKolb_06	png	16x9
JanPhilippKolb	07	JanPhilippKolb_07	png	16x16
JanPhilippKolb	08	JanPhilippKolb_08	png	16x16
JCamilOrt	01	JCamilOrt_01	png	13x16
JCamilOrt	02	JCamilOrt_02	jpg	15x16
JCamilOrt	04	JCamilOrt_04	jpg	16x12
jccpmx	01	jccpmx_01	jpg	16x9
jdeltoro1973	01	jdeltoro1973_01	jpg	16x11
jdeltoro1973	02	jdeltoro1973_02	jpg	16x11
jdeltoro1973	03	jdeltoro1973_03	jpg	16x11
jdeltoro1973	04	jdeltoro1973_04	jpg	16x11
jdeltoro1973	05	jdeltoro1973_05	jpg	16x11
jdeltoro1973	07	jdeltoro1973_07	jpg	16x11
jgoodyear9	07	jgoodyear9_07	jpg	16x13
jh550	01	jh550_01	jpg	16x15
jh550	02	jh550_02	jpg	16x12
jh550	03	jh550_03	jpg	16x11
JhonFeryandreas	01	JhonFeryandreas_01	jpg	16x11
Jingrong_Zhang	01	Jingrong_Zhang_01	jpg	16x7
JkariukiDev	02	JkariukiDev_02	png	13x16
JkariukiDev	03	JkariukiDev_03	png	14x16
JkariukiDev	04	JkariukiDev_04	png	14x16
JkariukiDev	05	JkariukiDev_05	jpg	14x16
JkariukiDev	06	JkariukiDev_06	png	14x16
JLecache	01	JLecache_01	jpg	16x12
JLecache	02	JLecache_02	jpg	16x11
JLecache	03	JLecache_03	jpg	16x11
JLecache	05	JLecache_05	jpg	16x16
JLecache	06	JLecache_06	jpg	16x12
JLecache	07	JLecache_07	jpg	11x16
jmatics	01	jmatics_01	jpg	11x16
jmatics	02	jmatics_02	jpg	11x16
jmatics	03	jmatics_03	jpg	11x16
jmatics	05	jmatics_05	jpg	11x16
jmatics	06	jmatics_06	jpg	11x16
jmatics	07	jmatics_07	jpg	11x16
jmccarty_geo	01	jmccarty_geo_01	jpg	16x16
jmccarty_geo	02	jmccarty_geo_02	jpg	16x11
jmccarty_geo	03	jmccarty_geo_03	jpg	16x8
jmccarty_geo	04	jmccarty_geo_04	jpg	16x6
jmccarty_geo	05	jmccarty_geo_05	jpg	16x8
jmccarty_geo	06	jmccarty_geo_06	jpg	16x11
jmccarty_geo	07	jmccarty_geo_07	jpg	16x8
jmtoralc	01	jmtoralc_01	png	16x16
jmtoralc	02	jmtoralc_02	jpg	16x16
jmtoralc	04	jmtoralc_04	jpg	16x11
jmtoralc	05	jmtoralc_05	jpg	16x11
jmtoralc	06	jmtoralc_06	jpg	16x11
joeroe90	05	joeroe90_05	jpg	16x9
JoeWDavies	01	JoeWDavies_01	jpg	16x13
JoeWDavies	02	JoeWDavies_02	jpg	16x16
JoeWDavies	03	JoeWDavies_03	jpg	16x14
JoeWDavies	04	JoeWDavies_04	jpg	16x15
JoeWDavies	05	JoeWDavies_05	jpg	16x8
JoeWDavies	07	JoeWDavies_07	jpg	16x8
JoFMolano	01	JoFMolano_01	jpg	16x16
JoFMolano	02	JoFMolano_02	jpg	16x16
JoFMolano	03	JoFMolano_03	jpg	16x16
JohannesRahlf	02	JohannesRahlf_02	jpg	16x16
JohannesRahlf	03	JohannesRahlf_03	jpg	15x16
JonasStillhard	03	JonasStillhard_03	png	16x6
JonasStillhard	04	JonasStillhard_04	png	16x6
JonasStillhard	05	JonasStillhard_05	png	16x6
JonasStillhard	06	JonasStillhard_06	png	16x6
jorandradefig	01	jorandradefig_01	jpg	16x9
jorandradefig	02	jorandradefig_02	jpg	16x9
JoseFMolano	01	JoseFMolano_01	png	16x16
JoseFMolano	02	JoseFMolano_02	jpg	16x16
JoseFMolano	03	JoseFMolano_03	jpg	16x16
jpablovallejog	01	jpablovallejog_01	jpg	16x11
jpablovallejog	02	jpablovallejog_02	jpg	16x11
jpablovallejog	03	jpablovallejog_03	jpg	16x11
jpablovallejog	05	jpablovallejog_05	jpg	16x11
jpablovallejog	06	jpablovallejog_06	jpg	16x11
JPeterPeters	02	JPeterPeters_02	png	16x10
JPeterPeters	03	JPeterPeters_03	jpg	16x12
JPeterPeters	04	JPeterPeters_04	jpg	16x12
jstnbraaten	01	jstnbraaten_01	jpg	16x9
jstnbraaten	02	jstnbraaten_02	jpg	16x9
jstnbraaten	03	jstnbraaten_03	jpg	16x9
jstnbraaten	05	jstnbraaten_05	jpg	16x8
jstnbraaten	06	jstnbraaten_06	jpg	16x9
JuanEstellerR	01	JuanEstellerR_01	jpg	16x15
JuanEstellerR	04	JuanEstellerR_04	jpg	16x9
Juanizio_C	01	Juanizio_C_01	jpg	16x10
Juanizio_C	02	Juanizio_C_02	jpg	16x10
Juanizio_C	03	Juanizio_C_03	jpg	16x10
Juanizio_C	05	Juanizio_C_05	jpg	16x10
Juanizio_C	06	Juanizio_C_06	jpg	16x10
juanluistv_	01	juanluistv__01	jpg	16x12
juanluistv_	02	juanluistv__02	jpg	16x16
juanluistv_	03	juanluistv__03	jpg	7x16
juanluistv_	04	juanluistv__04	jpg	16x11
juanluistv_	06	juanluistv__06	jpg	12x16
juanluistv_	07	juanluistv__07	jpg	14x16
juanluistv_	08	juanluistv__08	jpg	15x16
JulesGrandin	01	JulesGrandin_01	jpg	16x10
JulesGrandin	02	JulesGrandin_02	jpg	16x10
JulianaMapper	01	JulianaMapper_01	jpg	16x13
JulianaMapper	03	JulianaMapper_03	jpg	16x16
JulienQuotidien	01	JulienQuotidien_01	jpg	16x16
JulienQuotidien	02	JulienQuotidien_02	jpg	16x16
JulienQuotidien	03	JulienQuotidien_03	jpg	16x16
JulienQuotidien	04	JulienQuotidien_04	jpg	16x16
JulienQuotidien	05	JulienQuotidien_05	jpg	16x16
JulienQuotidien	07	JulienQuotidien_07	jpg	16x16
Jumbostation	01	Jumbostation_01	jpg	11x16
Jumbostation	02	Jumbostation_02	jpg	15x16
Jumbostation	03	Jumbostation_03	jpg	16x16
Jumbostation	04	Jumbostation_04	jpg	16x16
Jumbostation	05	Jumbostation_05	jpg	16x16
Junevgt	01	Junevgt_01	jpg	16x9
Junevgt	02	Junevgt_02	jpg	16x8
Junevgt	08	Junevgt_08	png	16x15
JuvenalCamposF	01	JuvenalCamposF_01	jpg	16x12
JuvenalCamposF	02	JuvenalCamposF_02	png	16x12
k_zoar	01	k_zoar_01	jpg	16x10
k_zoar	02	k_zoar_02	jpg	16x13
k_zoar	03	k_zoar_03	jpg	16x13
k_zoar	04	k_zoar_04	jpg	16x10
k_zoar	05	k_zoar_05	jpg	16x9
k_zoar	06	k_zoar_06	jpg	16x10
kaisitah	01	kaisitah_01	jpg	16x9
kanedr	01	kanedr_01	png	10x16
kanedr	02	kanedr_02	jpg	16x6
karopasa	01	karopasa_01	jpg	16x11
karopasa	02	karopasa_02	jpg	16x12
karopasa	03	karopasa_03	png	16x11
Kartografix1	01	Kartografix1_01	jpg	13x16
Kartografix1	02	Kartografix1_02	png	16x15
Kartokobri	01	Kartokobri_01	jpg	16x16
Kartokobri	02	Kartokobri_02	jpg	16x11
Kartokobri	03	Kartokobri_03	jpg	7x16
Kartokobri	04	Kartokobri_04	jpg	16x16
Kartokobri	05	Kartokobri_05	jpg	16x8
Kartokobri	06	Kartokobri_06	jpg	16x16
Kartokobri	07	Kartokobri_07	jpg	16x16
katiejolly6	01	katiejolly6_01	jpg	16x8
KeirClarke	01	KeirClarke_01	jpg	16x16
KeirClarke	02	KeirClarke_02	jpg	16x8
keirtography	01	keirtography_01	jpg	16x16
Kenneth_KHW	02	Kenneth_KHW_02	jpg	16x5
Kenneth_KHW	04	Kenneth_KHW_04	jpg	16x11
kennethfield	01	kennethfield_01	jpg	16x11
kennethfield	02	kennethfield_02	jpg	16x11
kennethfield	03	kennethfield_03	jpg	16x11
kennethfield	04	kennethfield_04	jpg	16x10
kgjenkins	01	kgjenkins_01	png	16x14
kgjenkins	02	kgjenkins_02	png	16x12
kgjenkins	03	kgjenkins_03	png	16x8
kgjenkins	04	kgjenkins_04	png	16x10
kgjenkins	05	kgjenkins_05	png	16x11
kgjenkins	06	kgjenkins_06	png	16x12
kjsime	01	kjsime_01	jpg	11x16
kjsime	02	kjsime_02	jpg	11x16
kjsime	03	kjsime_03	jpg	11x16
kjsime	04	kjsime_04	jpg	16x11
kjsime	05	kjsime_05	jpg	16x12
kjsime	06	kjsime_06	jpg	11x16
kjsime	07	kjsime_07	jpg	16x11
kkakey_	01	kkakey__01	jpg	16x16
kkakey_	02	kkakey__02	png	16x11
klaskarlsson	07	klaskarlsson_07	jpg	16x8
KoalaGeo	04	KoalaGeo_04	jpg	16x11
Koen_VdE	01	Koen_VdE_01	jpg	16x10
Koen_VdE	02	Koen_VdE_02	jpg	16x10
Koen_VdE	03	Koen_VdE_03	jpg	16x10
KonturInc	01	KonturInc_01	jpg	16x9
KonturInc	02	KonturInc_02	jpg	16x11
KonturInc	03	KonturInc_03	jpg	16x12
KonturInc	04	KonturInc_04	jpg	16x9
KonturInc	05	KonturInc_05	jpg	16x12
KonturInc	06	KonturInc_06	jpg	16x9
KonturInc	07	KonturInc_07	jpg	16x10
kriksine	01	kriksine_01	jpg	16x6
kriksine	07	kriksine_07	jpg	16x15
ksituan	01	ksituan_01	jpg	10x16
ksituan	03	ksituan_03	jpg	13x16
ksituan	04	ksituan_04	jpg	16x14
ksituan	06	ksituan_06	jpg	8x16
ksituan	07	ksituan_07	jpg	14x16
Kulbinderdio	01	Kulbinderdio_01	jpg	16x16
Kulbinderdio	03	Kulbinderdio_03	jpg	15x16
kushtrimvisoka	01	kushtrimvisoka_01	jpg	11x16
kylie_donia	01	kylie_donia_01	jpg	16x11
kylie_donia	02	kylie_donia_02	jpg	16x10
kylie_donia	03	kylie_donia_03	jpg	16x11
lacxrx	01	lacxrx_01	jpg	16x16
lacxrx	02	lacxrx_02	jpg	16x16
lacxrx	08	lacxrx_08	jpg	16x16
LandEthics	01	LandEthics_01	jpg	11x16
LandEthics	02	LandEthics_02	jpg	16x16
LandEthics	03	LandEthics_03	jpg	16x11
LandEthics	04	LandEthics_04	jpg	11x16
LandEthics	04	LandEthics_04	jpg	11x16
LandEthics	05	LandEthics_05	jpg	16x14
LandEthics	05	LandEthics_05	jpg	16x14
LandEthics	06	LandEthics_06	jpg	16x11
lecartographe	01	lecartographe_01	jpg	16x11
lecartographe	02	lecartographe_02	jpg	16x10
lecartographe	03	lecartographe_03	jpg	16x16
lecartographe	05	lecartographe_05	jpg	16x11
lecartographe	06	lecartographe_06	jpg	16x11
lecartographe	07	lecartographe_07	jpg	16x9
lemuscanovas	01	lemuscanovas_01	jpg	16x9
lemuscanovas	02	lemuscanovas_02	jpg	13x16
Lene_Fischer	01	Lene_Fischer_01	jpg	16x8
Lene_Fischer	02	Lene_Fischer_02	jpg	16x9
Lene_Fischer	03	Lene_Fischer_03	jpg	16x14
Lene_Fischer	04	Lene_Fischer_04	jpg	16x14
Lene_Fischer	05	Lene_Fischer_05	jpg	16x12
Lene_Fischer	06	Lene_Fischer_06	jpg	16x8
Letyludigital	02	Letyludigital_02	jpg	16x11
Letyludigital	03	Letyludigital_03	jpg	16x11
Letyludigital	05	Letyludigital_05	jpg	16x11
lilyhoutman	01	lilyhoutman_01	jpg	16x8
lioneltodome	01	lioneltodome_01	jpg	16x11
lioneltodome	02	lioneltodome_02	jpg	10x16
lioneltodome	07	lioneltodome_07	jpg	16x16
LizbethBastid11	01	LizbethBastid11_01	jpg	16x11
LizbethBastid11	02	LizbethBastid11_02	jpg	16x14
LizbethBastid11	03	LizbethBastid11_03	jpg	16x14
LouiseSmith_Geo	01	LouiseSmith_Geo_01	jpg	11x16
Lubin_Picard	01	Lubin_Picard_01	jpg	16x11
Lubin_Picard	02	Lubin_Picard_02	jpg	13x16
LuciaNavrro	02	LuciaNavrro_02	jpg	16x10
LuciaNavrro	04	LuciaNavrro_04	jpg	11x16
luigi_peperoni	04	luigi_peperoni_04	jpg	16x16
LuisAguilarCruz	01	LuisAguilarCruz_01	jpg	15x16
LuisAguilarCruz	02	LuisAguilarCruz_02	jpg	16x13
LuisAguilarCruz	03	LuisAguilarCruz_03	jpg	16x16
LuizGalizia	04	LuizGalizia_04	png	16x14
lxndrkp	01	lxndrkp_01	png	16x9
lxndrkp	02	lxndrkp_02	jpg	16x13
lxndrkp	03	lxndrkp_03	jpg	16x10
lxndrkp	06	lxndrkp_06	jpg	16x11
m_dizayee	01	m_dizayee_01	png	16x12
m_dizayee	02	m_dizayee_02	jpg	16x9
m_dizayee	03	m_dizayee_03	jpg	16x16
MaedhbhLikeDave	01	MaedhbhLikeDave_01	jpg	16x11
MaedhbhLikeDave	01	MaedhbhLikeDave_01	jpg	11x16
MaedhbhLikeDave	02	MaedhbhLikeDave_02	jpg	16x11
MaedhbhLikeDave	02	MaedhbhLikeDave_02	jpg	11x16
MaedhbhLikeDave	03	MaedhbhLikeDave_03	jpg	11x16
MaedhbhLikeDave	04	MaedhbhLikeDave_04	jpg	11x16
MaedhbhLikeDave	05	MaedhbhLikeDave_05	jpg	16x11
MaelleAMM	02	MaelleAMM_02	png	12x16
MaelleAMM	03	MaelleAMM_03	png	16x11
MaelleAMM	05	MaelleAMM_05	jpg	16x16
MaelleAMM	06	MaelleAMM_06	jpg	16x11
MaelleAMM	07	MaelleAMM_07	jpg	16x11
MAHESHK92842090	01	MAHESHK92842090_01	jpg	11x16
MAHESHK92842090	02	MAHESHK92842090_02	jpg	16x11
MAHESHK92842090	03	MAHESHK92842090_03	jpg	16x11
MAHESHK92842090	05	MAHESHK92842090_05	jpg	11x16
MAHESHK92842090	06	MAHESHK92842090_06	jpg	11x16
MAHESHK92842090	07	MAHESHK92842090_07	jpg	11x16
MAHESHK92842090	08	MAHESHK92842090_08	jpg	16x11
ManAboutCouch	01	ManAboutCouch_01	jpg	13x16
ManAboutCouch	03	ManAboutCouch_03	jpg	13x16
manuelabebe	03	manuelabebe_03	jpg	16x7
manuelabebe	04	manuelabebe_04	png	16x12
manuelabebe	05	manuelabebe_05	jpg	16x11
manuelabebe	06	manuelabebe_06	jpg	16x13
MapHustle	01	MapHustle_01	jpg	11x16
MapMakinMeyers	01	MapMakinMeyers_01	jpg	16x7
MapNav_Tom	05	MapNav_Tom_05	jpg	16x11
MapNav_Tom	06	MapNav_Tom_06	jpg	16x11
MapNav_Tom	07	MapNav_Tom_07	jpg	16x11
MapNav_Tom	08	MapNav_Tom_08	jpg	16x11
mapperfr	01	mapperfr_01	jpg	16x7
mapperfr	02	mapperfr_02	jpg	16x10
mapperfr	04	mapperfr_04	jpg	16x16
mapperfr	06	mapperfr_06	jpg	16x11
mapperfr	07	mapperfr_07	jpg	16x9
MapsByAntonia	01	MapsByAntonia_01	jpg	11x16
MapsByAntonia	02	MapsByAntonia_02	jpg	11x16
MapsByAntonia	03	MapsByAntonia_03	jpg	11x16
MapsByAntonia	04	MapsByAntonia_04	jpg	11x16
MapsByAntonia	05	MapsByAntonia_05	jpg	11x16
MapsByAntonia	07	MapsByAntonia_07	jpg	11x16
mapsbyp	02	mapsbyp_02	jpg	11x16
MapStorms	01	MapStorms_01	jpg	16x13
MapStorms	02	MapStorms_02	jpg	16x14
MapStorms	03	MapStorms_03	jpg	16x16
MapStorms	04	MapStorms_04	jpg	16x12
MapStorms	05	MapStorms_05	jpg	9x16
MapStorms	06	MapStorms_06	jpg	16x16
MapStorms	07	MapStorms_07	jpg	16x12
marcel__dekker	02	marcel__dekker_02	jpg	16x9
marcel__dekker	03	marcel__dekker_03	jpg	12x16
MarcoMinghini	01	MarcoMinghini_01	jpg	16x14
MarcoMinghini	02	MarcoMinghini_02	jpg	16x11
MarcoMinghini	03	MarcoMinghini_03	jpg	16x11
MarcoMinghini	04	MarcoMinghini_04	jpg	16x14
MarcoMinghini	05	MarcoMinghini_05	jpg	16x14
MarcoMinghini	07	MarcoMinghini_07	jpg	16x11
MartinBangratz	01	MartinBangratz_01	jpg	16x14
MartinBangratz	02	MartinBangratz_02	jpg	16x11
MartinBangratz	03	MartinBangratz_03	jpg	16x12
MartinBangratz	04	MartinBangratz_04	jpg	16x11
MartinBangratz	05	MartinBangratz_05	jpg	16x8
MartinBangratz	07	MartinBangratz_07	jpg	16x11
martinfernandoo	01	martinfernandoo_01	jpg	16x11
martinfernandoo	02	martinfernandoo_02	jpg	11x16
martinfernandoo	03	martinfernandoo_03	jpg	11x16
martinfernandoo	04	martinfernandoo_04	jpg	15x16
martinfernandoo	05	martinfernandoo_05	jpg	16x11
martinfernandoo	06	martinfernandoo_06	jpg	16x11
martinfernandoo	06	martinfernandoo_06	jpg	16x16
martinfernandoo	07	martinfernandoo_07	jpg	16x11
martinfernandoo	07	martinfernandoo_07	jpg	16x16
MattHaul1	01	MattHaul1_01	jpg	16x9
MattiJKokkonen	01	MattiJKokkonen_01	jpg	10x16
MattiJKokkonen	02	MattiJKokkonen_02	jpg	16x11
MattiJKokkonen	03	MattiJKokkonen_03	jpg	16x12
MattiJKokkonen	05	MattiJKokkonen_05	jpg	11x16
MattiJKokkonen	06	MattiJKokkonen_06	jpg	10x16
MattiJKokkonen	07	MattiJKokkonen_07	jpg	10x16
MdZakariaHasan7	01	MdZakariaHasan7_01	jpg	11x16
MdZakariaHasan7	02	MdZakariaHasan7_02	jpg	16x11
meandmaps	01	meandmaps_01	jpg	16x9
meandmaps	02	meandmaps_02	jpg	16x9
meandmaps	03	meandmaps_03	jpg	16x9
meandmaps	05	meandmaps_05	jpg	16x9
meandmaps	06	meandmaps_06	jpg	16x9
meandmaps	07	meandmaps_07	jpg	16x9
MiaDP	01	MiaDP_01	jpg	16x9
MichaelDorman84	03	MichaelDorman84_03	png	16x9
MichaelDorman84	05	MichaelDorman84_05	png	15x16
mickaelmarchese	01	mickaelmarchese_01	jpg	16x13
mickaelmarchese	02	mickaelmarchese_02	jpg	16x15
mickaelmarchese	04	mickaelmarchese_04	jpg	11x16
MikeCoatsDotCom	01	MikeCoatsDotCom_01	jpg	16x8
MikeCoatsDotCom	02	MikeCoatsDotCom_02	jpg	16x10
MikeCoatsDotCom	03	MikeCoatsDotCom_03	jpg	16x13
MikeCoatsDotCom	04	MikeCoatsDotCom_04	jpg	16x10
MikeCoatsDotCom	05	MikeCoatsDotCom_05	jpg	12x16
MikeCoatsDotCom	06	MikeCoatsDotCom_06	jpg	16x14
MikeCoatsDotCom	07	MikeCoatsDotCom_07	jpg	11x16
mikejschmidty	01	mikejschmidty_01	jpg	16x16
mikejschmidty	02	mikejschmidty_02	jpg	16x14
mikejschmidty	07	mikejschmidty_07	jpg	16x10
MikeMahoney218	01	MikeMahoney218_01	jpg	16x8
MikeMahoney218	02	MikeMahoney218_02	jpg	16x11
MikeMahoney218	03	MikeMahoney218_03	jpg	16x10
mikusthetiger	05	mikusthetiger_05	jpg	16x13
mildthing99	03	mildthing99_03	jpg	16x9
MindOverMagma	01	MindOverMagma_01	jpg	16x10
MindOverMagma	03	MindOverMagma_03	png	16x11
MindOverMagma	06	MindOverMagma_06	jpg	16x9
MindOverMagma	07	MindOverMagma_07	jpg	16x11
MiniMapMakers	01	MiniMapMakers_01	jpg	11x16
MiniTigri	01	MiniTigri_01	jpg	16x9
MiniTigri	02	MiniTigri_02	jpg	9x16
MiniTigri	03	MiniTigri_03	jpg	16x9
MiniTigri	04	MiniTigri_04	jpg	9x16
MiniTigri	05	MiniTigri_05	jpg	16x9
MiniTigri	06	MiniTigri_06	jpg	16x9
MiniTigri	07	MiniTigri_07	jpg	9x16
mirzacengic	01	mirzacengic_01	jpg	16x11
mirzacengic	02	mirzacengic_02	jpg	16x10
mizuta_kenji	03	mizuta_kenji_03	jpg	9x16
mjezwysoko	01	mjezwysoko_01	png	16x16
mjezwysoko	03	mjezwysoko_03	jpg	16x16
mjezwysoko	04	mjezwysoko_04	jpg	16x16
mjlegg	04	mjlegg_04	jpg	16x8
mjlegg	05	mjlegg_05	jpg	16x9
mjlegg	07	mjlegg_07	jpg	11x16
Mjstoroz	01	Mjstoroz_01	jpg	16x8
Mjstoroz	02	Mjstoroz_02	jpg	16x10
Mjstoroz	03	Mjstoroz_03	jpg	16x11
Mjstoroz	04	Mjstoroz_04	jpg	16x11
mmdolbow	01	mmdolbow_01	jpg	16x14
mmdolbow	02	mmdolbow_02	png	16x12
mmdolbow	03	mmdolbow_03	png	16x6
mmdolbow	05	mmdolbow_05	png	16x13
mmits003	01	mmits003_01	jpg	16x16
mmits003	04	mmits003_04	jpg	16x6
mmits003	05	mmits003_05	png	16x15
moaimx	01	moaimx_01	jpg	16x11
moaimx	02	moaimx_02	jpg	16x11
moaimx	03	moaimx_03	jpg	16x11
moaimx	04	moaimx_04	jpg	16x11
moaimx	05	moaimx_05	jpg	16x11
Monk_Po	01	Monk_Po_01	jpg	16x11
mr_ericgoodwin	01	mr_ericgoodwin_01	jpg	16x16
mr_ericgoodwin	03	mr_ericgoodwin_03	jpg	16x12
mr_ericgoodwin	04	mr_ericgoodwin_04	jpg	16x12
mr_ericgoodwin	05	mr_ericgoodwin_05	png	12x16
MrNSheehan	01	MrNSheehan_01	jpg	16x16
MrNSheehan	02	MrNSheehan_02	jpg	16x15
MRuehringer	01	MRuehringer_01	png	16x10
MRuehringer	04	MRuehringer_04	jpg	16x12
Ms_Pixels	01	Ms_Pixels_01	jpg	12x16
Ms_Pixels	02	Ms_Pixels_02	jpg	16x11
Ms_Pixels	03	Ms_Pixels_03	jpg	12x16
Ms_Pixels	04	Ms_Pixels_04	jpg	16x14
my_physical	01	my_physical_01	jpg	16x11
my_physical	02	my_physical_02	jpg	16x11
my_physical	03	my_physical_03	jpg	16x16
my_physical	04	my_physical_04	jpg	16x11
my_physical	05	my_physical_05	jpg	16x16
my_physical	06	my_physical_06	jpg	16x16
my_physical	07	my_physical_07	jpg	16x16
napo	01	napo_01	png	16x12
napo	02	napo_02	jpg	16x10
Natpatat11	03	Natpatat11_03	png	16x5
Neil_py_harris	02	Neil_py_harris_02	png	16x11
Neil_py_harris	03	Neil_py_harris_03	png	16x14
neilcfd1	03	neilcfd1_03	jpg	16x12
neilcharles_uk	01	neilcharles_uk_01	jpg	16x16
neilcharles_uk	02	neilcharles_uk_02	jpg	16x9
neilcharles_uk	03	neilcharles_uk_03	jpg	16x11
neilcharles_uk	04	neilcharles_uk_04	jpg	16x16
neilcharles_uk	05	neilcharles_uk_05	jpg	16x13
neilcharles_uk	06	neilcharles_uk_06	jpg	16x11
neilcharles_uk	07	neilcharles_uk_07	jpg	16x9
nelio_matos	01	nelio_matos_01	jpg	9x16
nelio_matos	03	nelio_matos_03	jpg	10x16
neocartocnrs	01	neocartocnrs_01	jpg	16x11
neocartocnrs	02	neocartocnrs_02	jpg	16x6
neocartocnrs	03	neocartocnrs_03	jpg	16x14
neocartocnrs	04	neocartocnrs_04	jpg	16x12
neocartocnrs	05	neocartocnrs_05	jpg	16x13
neocartocnrs	06	neocartocnrs_06	jpg	16x12
neocartocnrs	07	neocartocnrs_07	jpg	16x12
neocartocnrs	08	neocartocnrs_08	jpg	16x12
neogeografen	01	neogeografen_01	jpg	16x13
neogeografen	03	neogeografen_03	jpg	16x16
neogeografen	05	neogeografen_05	jpg	16x12
NguynQu59656951	01	NguynQu59656951_01	jpg	16x6
NguynQu59656951	02	NguynQu59656951_02	jpg	16x16
NguynQu59656951	03	NguynQu59656951_03	jpg	12x16
NguynQu59656951	04	NguynQu59656951_04	jpg	16x16
NguynQu59656951	05	NguynQu59656951_05	jpg	16x16
NguynQu59656951	06	NguynQu59656951_06	jpg	16x16
NigraArbaro	01	NigraArbaro_01	jpg	16x16
NigraArbaro	02	NigraArbaro_02	jpg	16x13
NigraArbaro	03	NigraArbaro_03	jpg	16x9
niu_haifeng	06	niu_haifeng_06	png	16x11
njanakiev	01	njanakiev_01	png	16x9
nodirections	03	nodirections_03	jpg	16x11
NoelBallantyne	01	NoelBallantyne_01	jpg	11x16
NoelBallantyne	02	NoelBallantyne_02	jpg	11x16
NoelBallantyne	03	NoelBallantyne_03	jpg	16x16
NoelBallantyne	05	NoelBallantyne_05	jpg	16x16
northlandiguana	01	northlandiguana_01	jpg	16x11
northlandiguana	02	northlandiguana_02	png	16x10
northlandiguana	03	northlandiguana_03	png	16x12
notforcasual	01	notforcasual_01	jpg	16x8
nurussadad	01	nurussadad_01	png	16x7
nurussadad	02	nurussadad_02	png	16x7
nurussadad	03	nurussadad_03	png	16x11
nurussadad	04	nurussadad_04	png	16x11
nwbort	01	nwbort_01	jpg	16x16
nwbort	02	nwbort_02	jpg	16x12
nwbort	03	nwbort_03	jpg	16x12
nwbort	04	nwbort_04	jpg	16x12
nwbort	05	nwbort_05	png	16x9
nwbort	06	nwbort_06	jpg	16x12
nwbort	07	nwbort_07	jpg	16x12
nwbort	08	nwbort_08	jpg	16x12
odile_p	01	odile_p_01	jpg	16x12
odile_p	02	odile_p_02	jpg	16x12
odile_p	03	odile_p_03	jpg	16x10
odile_p	05	odile_p_05	jpg	10x16
odile_p	06	odile_p_06	jpg	12x16
odile_p	07	odile_p_07	jpg	12x16
odilon72	01	odilon72_01	jpg	16x16
odilon72	05	odilon72_05	jpg	16x14
odilon72	07	odilon72_07	jpg	14x16
oguzhan_err	01	oguzhan_err_01	jpg	16x8
or_oron	02	or_oron_02	jpg	16x14
OrdnanceSurvey	01	OrdnanceSurvey_01	jpg	11x16
OrdnanceSurvey	02	OrdnanceSurvey_02	jpg	11x16
owenjpowell	01	owenjpowell_01	jpg	13x16
owenjpowell	02	owenjpowell_02	jpg	16x9
p_kil89	01	p_kil89_01	jpg	11x16
p_kil89	02	p_kil89_02	jpg	11x16
PascalSchetelat	01	PascalSchetelat_01	jpg	16x16
PascalSchetelat	02	PascalSchetelat_02	jpg	16x11
PascalSchetelat	03	PascalSchetelat_03	jpg	16x13
PascalSchetelat	07	PascalSchetelat_07	jpg	16x15
Peter_McKeague	01	Peter_McKeague_01	jpg	13x16
Peterincan	01	Peterincan_01	jpg	16x11
Peterincan	02	Peterincan_02	png	16x12
pheebely	01	pheebely_01	jpg	16x11
pheebely	02	pheebely_02	jpg	16x11
pheebely	03	pheebely_03	jpg	16x11
pheebely	04	pheebely_04	jpg	16x11
pheebely	05	pheebely_05	jpg	16x11
pheebely	06	pheebely_06	jpg	16x11
pheebely	07	pheebely_07	jpg	11x16
Phil_M_Barrett	02	Phil_M_Barrett_02	jpg	11x16
philbartie	01	philbartie_01	jpg	16x11
philbartie	02	philbartie_02	jpg	16x5
philbartie	03	philbartie_03	jpg	11x16
philbartie	04	philbartie_04	jpg	16x11
philbartie	05	philbartie_05	jpg	16x11
philbartie	07	philbartie_07	jpg	16x11
PhilPierdo	01	PhilPierdo_01	jpg	16x11
PhilPierdo	02	PhilPierdo_02	jpg	16x10
PhilPierdo	03	PhilPierdo_03	jpg	11x16
PieterCappon	01	PieterCappon_01	jpg	12x16
PieterCappon	02	PieterCappon_02	jpg	16x16
PieterCappon	03	PieterCappon_03	jpg	16x16
PieterCappon	04	PieterCappon_04	jpg	16x16
PieterCappon	05	PieterCappon_05	jpg	16x16
pinakographos	04	pinakographos_04	jpg	16x10
pnwgeogeek	01	pnwgeogeek_01	jpg	16x10
pokateo_	01	pokateo__01	jpg	16x9
pokateo_	02	pokateo__02	jpg	16x9
pokateo_	03	pokateo__03	jpg	16x9
pokateo_	04	pokateo__04	jpg	16x9
pokateo_	05	pokateo__05	jpg	16x9
pokateo_	06	pokateo__06	jpg	16x9
pokateo_	07	pokateo__07	jpg	16x9
PolarBoe	01	PolarBoe_01	jpg	16x11
PolarBoe	02	PolarBoe_02	jpg	16x9
PolarBoe	03	PolarBoe_03	jpg	11x16
popelnuhh	01	popelnuhh_01	jpg	16x11
popelnuhh	02	popelnuhh_02	jpg	16x11
popelnuhh	03	popelnuhh_03	jpg	11x16
popelnuhh	05	popelnuhh_05	jpg	15x16
popelnuhh	06	popelnuhh_06	jpg	16x11
popelnuhh	07	popelnuhh_07	jpg	16x11
positium	02	positium_02	jpg	16x7
positium	03	positium_03	jpg	16x10
positium	04	positium_04	jpg	16x3
positium	05	positium_05	jpg	16x9
Pow__C	01	Pow__C_01	jpg	16x11
Pow__C	02	Pow__C_02	jpg	16x11
Pow__C	03	Pow__C_03	jpg	11x16
Pow__C	04	Pow__C_04	jpg	11x16
Pow__C	05	Pow__C_05	jpg	13x16
Pow__C	07	Pow__C_07	jpg	11x16
Pragabhava	06	Pragabhava_06	jpg	16x11
PratapVardhan	01	PratapVardhan_01	jpg	14x16
PratapVardhan	02	PratapVardhan_02	jpg	16x16
PratapVardhan	03	PratapVardhan_03	jpg	16x16
PratapVardhan	04	PratapVardhan_04	jpg	14x16
PratapVardhan	05	PratapVardhan_05	jpg	14x16
professorkao	01	professorkao_01	jpg	16x10
professorkao	02	professorkao_02	jpg	16x8
professorkao	03	professorkao_03	jpg	16x16
professorkao	05	professorkao_05	jpg	16x8
professorkao	06	professorkao_06	jpg	16x9
professorkao	07	professorkao_07	jpg	16x8
project4_4	01	project4_4_01	jpg	16x10
quorumetrix	02	quorumetrix_02	jpg	16x16
rajbhagatt	01	rajbhagatt_01	jpg	15x16
rajbhagatt	02	rajbhagatt_02	jpg	16x10
raul_casbar	04	raul_casbar_04	jpg	16x11
raveydave76	01	raveydave76_01	jpg	16x11
rdisip	01	rdisip_01	jpg	7x16
RealRossThorn	01	RealRossThorn_01	jpg	13x16
recifs	01	recifs_01	png	16x11
redgeographics	01	redgeographics_01	png	12x16
redgeographics	02	redgeographics_02	png	11x16
Remykiwi78	01	Remykiwi78_01	jpg	16x11
resource_watch	02	resource_watch_02	jpg	16x8
resource_watch	03	resource_watch_03	jpg	16x11
resource_watch	04	resource_watch_04	jpg	16x12
resource_watch	05	resource_watch_05	jpg	16x10
resource_watch	06	resource_watch_06	jpg	16x11
resource_watch	07	resource_watch_07	jpg	16x11
ReynardSubtil	01	ReynardSubtil_01	jpg	10x16
ReynardSubtil	02	ReynardSubtil_02	jpg	16x8
ReynardSubtil	03	ReynardSubtil_03	jpg	12x16
ReynardSubtil	04	ReynardSubtil_04	jpg	12x16
ReynardSubtil	05	ReynardSubtil_05	jpg	16x10
RFinerman	01	RFinerman_01	jpg	16x11
RFinerman	02	RFinerman_02	jpg	16x10
RFinerman	03	RFinerman_03	jpg	16x10
RFinerman	04	RFinerman_04	jpg	16x10
rgeomatic	01	rgeomatic_01	png	16x9
rgeomatic	02	rgeomatic_02	jpg	16x11
RGuedonHG	01	RGuedonHG_01	jpg	15x16
richa_marwaha	01	richa_marwaha_01	jpg	11x16
richa_marwaha	02	richa_marwaha_02	jpg	11x16
richard_vogg	01	richard_vogg_01	png	8x16
richard_vogg	02	richard_vogg_02	png	8x16
richard_vogg	03	richard_vogg_03	png	16x16
richard_vogg	04	richard_vogg_04	png	16x16
richard_vogg	05	richard_vogg_05	png	16x16
richard_vogg	06	richard_vogg_06	png	8x16
richard_vogg	07	richard_vogg_07	png	11x16
RichardZimerman	01	RichardZimerman_01	jpg	16x16
RichardZimerman	02	RichardZimerman_02	jpg	16x16
RichardZimerman	03	RichardZimerman_03	jpg	16x16
RichardZimerman	04	RichardZimerman_04	jpg	16x16
RichardZimerman	05	RichardZimerman_05	jpg	16x16
RLShelmerdine	01	RLShelmerdine_01	png	16x11
RLShelmerdine	02	RLShelmerdine_02	png	16x11
RLShelmerdine	03	RLShelmerdine_03	png	16x11
RLShelmerdine	04	RLShelmerdine_04	png	11x16
RLShelmerdine	05	RLShelmerdine_05	jpg	16x9
RLShelmerdine	06	RLShelmerdine_06	jpg	11x16
RLShelmerdine	07	RLShelmerdine_07	png	16x11
RobertPazur	02	RobertPazur_02	jpg	16x10
robradburn	01	robradburn_01	jpg	16x16
robradburn	02	robradburn_02	jpg	16x13
robradburn	03	robradburn_03	jpg	12x16
robradburn	04	robradburn_04	jpg	13x16
robradburn	05	robradburn_05	jpg	16x16
robradburn	06	robradburn_06	jpg	16x13
robradburn	07	robradburn_07	jpg	16x13
rocasaja	01	rocasaja_01	jpg	12x16
rocopley1	01	rocopley1_01	jpg	16x12
rocopley1	02	rocopley1_02	jpg	16x11
rocopley1	03	rocopley1_03	jpg	15x16
rocopley1	04	rocopley1_04	jpg	16x10
rocopley1	05	rocopley1_05	jpg	16x10
rod_ferrao	01	rod_ferrao_01	jpg	16x7
rod_ferrao	02	rod_ferrao_02	jpg	16x11
rod_ferrao	03	rod_ferrao_03	jpg	16x11
ron_halliday	01	ron_halliday_01	jpg	16x9
ron_halliday	03	ron_halliday_03	jpg	16x9
ron_halliday	05	ron_halliday_05	png	16x12
ron_halliday	06	ron_halliday_06	jpg	16x11
ron_halliday	07	ron_halliday_07	jpg	16x11
rorich	01	rorich_01	jpg	16x11
rorich	02	rorich_02	jpg	16x11
rorich	03	rorich_03	jpg	16x11
rorich	04	rorich_04	jpg	16x11
rorich	05	rorich_05	jpg	16x11
rorich	06	rorich_06	jpg	16x16
rossp165	01	rossp165_01	png	16x9
rossp165	02	rossp165_02	jpg	16x10
rossp165	03	rossp165_03	jpg	16x10
rsfrankl	03	rsfrankl_03	jpg	16x11
saabrs	02	saabrs_02	jpg	16x11
Saadbarca8	01	Saadbarca8_01	jpg	16x11
Sahilkidd	02	Sahilkidd_02	jpg	16x11
Saint_GIS	01	Saint_GIS_01	jpg	16x8
Saint_GIS	02	Saint_GIS_02	jpg	16x8
Saint_GIS	03	Saint_GIS_03	jpg	16x8
Saint_GIS	05	Saint_GIS_05	jpg	16x8
Saint_GIS	06	Saint_GIS_06	jpg	16x8
Saint_GIS	07	Saint_GIS_07	jpg	16x8
sajbelcart	02	sajbelcart_02	jpg	16x9
samwise_v	01	samwise_v_01	jpg	16x6
samwise_v	02	samwise_v_02	jpg	16x8
samwise_v	03	samwise_v_03	jpg	16x7
samwise_v	04	samwise_v_04	jpg	16x9
samwise_v	05	samwise_v_05	jpg	16x11
samwise_v	06	samwise_v_06	jpg	16x11
samwise_v	07	samwise_v_07	jpg	16x8
san_andreas_	01	san_andreas__01	jpg	16x9
san_andreas_	02	san_andreas__02	jpg	16x16
san_andreas_	03	san_andreas__03	jpg	16x11
san_andreas_	04	san_andreas__04	jpg	16x11
san_andreas_	07	san_andreas__07	jpg	16x13
SannaJokela1	01	SannaJokela1_01	jpg	16x11
SannaJokela1	02	SannaJokela1_02	png	16x11
SannaJokela1	03	SannaJokela1_03	png	16x11
SannaJokela1	04	SannaJokela1_04	jpg	16x11
SannaJokela1	05	SannaJokela1_05	jpg	16x11
SannaJokela1	06	SannaJokela1_06	jpg	16x11
SannaJokela1	07	SannaJokela1_07	jpg	16x11
SannaJokela1	08	SannaJokela1_08	jpg	16x11
santihpuig	01	santihpuig_01	jpg	16x16
santihpuig	02	santihpuig_02	jpg	16x16
santihpuig	03	santihpuig_03	jpg	16x16
santihpuig	04	santihpuig_04	jpg	16x16
santihpuig	05	santihpuig_05	jpg	16x16
santihpuig	06	santihpuig_06	jpg	16x16
santihpuig	07	santihpuig_07	jpg	16x16
SaraChaoukis	01	SaraChaoukis_01	jpg	16x12
sarah_wilson7	01	sarah_wilson7_01	jpg	11x16
sarah_wilson7	02	sarah_wilson7_02	jpg	11x16
sarah_wilson7	03	sarah_wilson7_03	jpg	11x16
sarah_wilson7	04	sarah_wilson7_04	jpg	16x11
sarah_wilson7	05	sarah_wilson7_05	jpg	11x16
sarah_wilson7	06	sarah_wilson7_06	jpg	16x11
sarah_wilson7	07	sarah_wilson7_07	jpg	11x16
sarhoyoshoyos	01	sarhoyoshoyos_01	jpg	16x11
sarhoyoshoyos	03	sarhoyoshoyos_03	jpg	16x16
SavoirsEnBulles	01	SavoirsEnBulles_01	jpg	16x12
SavoirsEnBulles	02	SavoirsEnBulles_02	jpg	16x12
SavoirsEnBulles	03	SavoirsEnBulles_03	jpg	16x12
SavoirsEnBulles	04	SavoirsEnBulles_04	jpg	16x12
SavoirsEnBulles	05	SavoirsEnBulles_05	jpg	16x12
SavoirsEnBulles	06	SavoirsEnBulles_06	jpg	16x12
SavoirsEnBulles	07	SavoirsEnBulles_07	jpg	16x12
sciremotesense	01	sciremotesense_01	jpg	16x11
sciremotesense	02	sciremotesense_02	jpg	16x11
sciremotesense	03	sciremotesense_03	jpg	16x11
sciremotesense	04	sciremotesense_04	jpg	12x16
sciremotesense	05	sciremotesense_05	jpg	13x16
sciremotesense	07	sciremotesense_07	jpg	16x12
SDGeoGirl	01	SDGeoGirl_01	jpg	12x16
SDGeoGirl	02	SDGeoGirl_02	jpg	14x16
seateazen	01	seateazen_01	jpg	16x16
seateazen	02	seateazen_02	jpg	16x16
seateazen	03	seateazen_03	jpg	13x16
seateazen	04	seateazen_04	jpg	13x16
seateazen	05	seateazen_05	jpg	16x8
seateazen	06	seateazen_06	jpg	11x16
seateazen	07	seateazen_07	jpg	16x16
seateazen	08	seateazen_08	jpg	16x16
seb_meier	01	seb_meier_01	jpg	16x11
seb_meier	02	seb_meier_02	jpg	16x11
seb_meier	03	seb_meier_03	jpg	16x11
seb_meier	04	seb_meier_04	jpg	16x11
seb_meier	05	seb_meier_05	jpg	16x11
seb_meier	06	seb_meier_06	jpg	16x11
seb_meier	07	seb_meier_07	jpg	16x11
SergiiShchus	01	SergiiShchus_01	png	16x11
sezia	07	sezia_07	png	16x12
Sharkteeth11	01	Sharkteeth11_01	jpg	16x16
Sharkteeth11	02	Sharkteeth11_02	jpg	16x14
Sharkteeth11	03	Sharkteeth11_03	jpg	16x12
Sharkteeth11	04	Sharkteeth11_04	jpg	16x12
Sharkteeth11	05	Sharkteeth11_05	jpg	16x7
Sharkteeth11	06	Sharkteeth11_06	jpg	16x9
Sharkteeth11	07	Sharkteeth11_07	jpg	16x6
Sicabi	01	Sicabi_01	jpg	16x10
sid_bryper	01	sid_bryper_01	jpg	11x16
sigogne_bfc	04	sigogne_bfc_04	jpg	16x7
sim_bai	04	sim_bai_04	jpg	16x14
sim_bai	05	sim_bai_05	jpg	16x11
SimonBeaumont04	01	SimonBeaumont04_01	jpg	13x16
SimonBeaumont04	02	SimonBeaumont04_02	jpg	16x6
simonmleech	01	simonmleech_01	jpg	16x11
simonmleech	02	simonmleech_02	jpg	11x16
simonmleech	03	simonmleech_03	jpg	11x16
simonmleech	04	simonmleech_04	jpg	11x16
simonmleech	05	simonmleech_05	jpg	11x16
simonmleech	06	simonmleech_06	jpg	11x16
simonmleech	07	simonmleech_07	jpg	16x11
SirJanosFroglez	05	SirJanosFroglez_05	jpg	16x8
SirJanosFroglez	07	SirJanosFroglez_07	jpg	16x9
SouthArrowMaps	01	SouthArrowMaps_01	jpg	9x16
SouthArrowMaps	02	SouthArrowMaps_02	jpg	16x12
SouthArrowMaps	03	SouthArrowMaps_03	jpg	16x9
SouthArrowMaps	07	SouthArrowMaps_07	jpg	16x13
spardosanchez	01	spardosanchez_01	jpg	16x11
spardosanchez	02	spardosanchez_02	jpg	16x11
spardosanchez	03	spardosanchez_03	jpg	16x11
spatialoccasio1	01	spatialoccasio1_01	jpg	16x12
spatialoccasio1	02	spatialoccasio1_02	jpg	16x14
sporella	01	sporella_01	png	16x16
sporella	02	sporella_02	png	16x16
sporella	03	sporella_03	jpg	16x16
sporella	04	sporella_04	png	16x16
sporella	05	sporella_05	jpg	16x9
sporella	07	sporella_07	png	16x16
stevefaeembra	01	stevefaeembra_01	jpg	16x10
stevefaeembra	02	stevefaeembra_02	jpg	16x9
stevefaeembra	03	stevefaeembra_03	jpg	16x9
stevefaeembra	04	stevefaeembra_04	jpg	16x9
stevefaeembra	05	stevefaeembra_05	jpg	16x9
stevefaeembra	06	stevefaeembra_06	jpg	16x9
steven4320555	01	steven4320555_01	jpg	16x10
steven4320555	02	steven4320555_02	png	16x12
steven4320555	03	steven4320555_03	jpg	16x11
StrathSlater	01	StrathSlater_01	jpg	16x11
StrathSlater	02	StrathSlater_02	jpg	16x11
StrathSlater	03	StrathSlater_03	jpg	11x16
StrathSlater	04	StrathSlater_04	jpg	11x16
StrathSlater	05	StrathSlater_05	jpg	11x16
StrathSlater	06	StrathSlater_06	jpg	16x5
StrathSlater	07	StrathSlater_07	jpg	16x11
sugoiboi40	01	sugoiboi40_01	jpg	16x10
sugoiboi40	02	sugoiboi40_02	jpg	16x9
sugoiboi40	03	sugoiboi40_03	jpg	15x16
Super_Explorer	01	Super_Explorer_01	jpg	16x8
Super_Explorer	02	Super_Explorer_02	jpg	16x6
Super_Explorer	04	Super_Explorer_04	jpg	16x7
Super_Explorer	05	Super_Explorer_05	jpg	16x8
Super_Explorer	06	Super_Explorer_06	jpg	16x11
systemagie	01	systemagie_01	jpg	14x16
systemagie	02	systemagie_02	jpg	14x16
systemagie	03	systemagie_03	jpg	16x14
systemagie	04	systemagie_04	jpg	16x13
systemagie	05	systemagie_05	jpg	16x10
Tabularthur	01	Tabularthur_01	jpg	16x16
Tabularthur	02	Tabularthur_02	jpg	16x16
Tabularthur	03	Tabularthur_03	jpg	16x16
Tabularthur	04	Tabularthur_04	jpg	16x16
Tabularthur	05	Tabularthur_05	jpg	16x16
Tabularthur	06	Tabularthur_06	jpg	16x16
Tabularthur	07	Tabularthur_07	jpg	16x16
TectonixGEO	03	TectonixGEO_03	jpg	16x10
TeemuSaloriutta	01	TeemuSaloriutta_01	jpg	10x16
TeemuSaloriutta	02	TeemuSaloriutta_02	jpg	10x16
TeemuSaloriutta	03	TeemuSaloriutta_03	png	16x10
TeemuSaloriutta	07	TeemuSaloriutta_07	png	16x9
terisha_pillay1	01	terisha_pillay1_01	jpg	16x13
terisha_pillay1	02	terisha_pillay1_02	jpg	16x11
terisha_pillay1	03	terisha_pillay1_03	jpg	16x11
terisha_pillay1	04	terisha_pillay1_04	jpg	16x10
terisha_pillay1	05	terisha_pillay1_05	jpg	16x11
Terranigmus	01	Terranigmus_01	jpg	11x16
Terranigmus	02	Terranigmus_02	png	16x8
Terranigmus	05	Terranigmus_05	jpg	16x8
TevaMeyer	02	TevaMeyer_02	jpg	16x8
TevaMeyer	03	TevaMeyer_03	jpg	16x16
tgsousa_	01	tgsousa__01	jpg	16x11
tgsousa_	02	tgsousa__02	jpg	11x16
tgsousa_	03	tgsousa__03	jpg	11x16
tgsousa_	04	tgsousa__04	jpg	11x16
tgsousa_	05	tgsousa__05	jpg	16x11
tgsousa_	06	tgsousa__06	jpg	16x11
tgsousa_	07	tgsousa__07	jpg	11x16
thecfelix	01	thecfelix_01	jpg	16x9
TheGISGirl	05	TheGISGirl_05	jpg	16x9
thekuhugupta	01	thekuhugupta_01	jpg	16x8
thekuhugupta	02	thekuhugupta_02	jpg	16x13
thekuhugupta	03	thekuhugupta_03	png	11x16
TheRealJimShady	01	TheRealJimShady_01	jpg	16x16
TheRealJimShady	02	TheRealJimShady_02	jpg	15x16
Thoughtfulnz	05	Thoughtfulnz_05	jpg	16x11
Thoughtfulnz	06	Thoughtfulnz_06	jpg	16x11
Thoughtfulnz	07	Thoughtfulnz_07	jpg	16x11
Thoughtfulnz	08	Thoughtfulnz_08	jpg	16x11
timbertopper400	01	timbertopper400_01	jpg	12x16
timbertopper400	02	timbertopper400_02	jpg	13x16
timbertopper400	04	timbertopper400_04	jpg	15x16
timbertopper400	07	timbertopper400_07	jpg	16x13
TimRodaway	01	TimRodaway_01	jpg	16x16
TimRodaway	02	TimRodaway_02	jpg	16x16
TimRodaway	03	TimRodaway_03	jpg	16x16
TimRodaway	04	TimRodaway_04	jpg	16x16
TimRodaway	05	TimRodaway_05	jpg	16x16
TimRodaway	07	TimRodaway_07	jpg	16x16
tjukanov	01	tjukanov_01	jpg	16x8
tjukanov	02	tjukanov_02	jpg	16x11
tjukanov	03	tjukanov_03	jpg	16x16
tjukanov	04	tjukanov_04	png	16x11
tjukanov	05	tjukanov_05	jpg	16x14
tjukanov	06	tjukanov_06	jpg	11x16
tjukanov	07	tjukanov_07	jpg	16x10
tjukanov	08	tjukanov_08	jpg	16x11
tkardi	01	tkardi_01	jpg	16x10
tkardi	02	tkardi_02	jpg	16x12
tkardi	03	tkardi_03	jpg	16x12
tkardi	04	tkardi_04	jpg	16x10
tkardi	05	tkardi_05	jpg	16x10
tobi_aiyelokun	01	tobi_aiyelokun_01	jpg	16x11
tobi_aiyelokun	02	tobi_aiyelokun_02	jpg	16x11
tobi_aiyelokun	03	tobi_aiyelokun_03	jpg	16x11
ToddMostak	02	ToddMostak_02	jpg	16x12
ToddMostak	03	ToddMostak_03	jpg	16x9
ToddMostak	07	ToddMostak_07	jpg	16x9
tom5ive	01	tom5ive_01	png	16x14
tomasral	01	tomasral_01	jpg	16x11
tomasral	02	tomasral_02	jpg	16x11
tomasral	03	tomasral_03	jpg	11x16
tomasral	04	tomasral_04	jpg	16x10
tomasral	05	tomasral_05	jpg	16x11
tomasral	06	tomasral_06	jpg	11x16
tomasral	07	tomasral_07	jpg	16x10
tomodraco	01	tomodraco_01	jpg	16x8
tomodraco	02	tomodraco_02	jpg	16x13
tomodraco	03	tomodraco_03	jpg	16x11
tomodraco	05	tomodraco_05	jpg	16x11
tomodraco	06	tomodraco_06	jpg	16x16
tomodraco	07	tomodraco_07	jpg	16x12
TomTheMap	01	TomTheMap_01	jpg	14x16
TomTheMap	02	TomTheMap_02	jpg	12x16
TomTheMap	03	TomTheMap_03	jpg	16x8
TomTheMap	05	TomTheMap_05	jpg	16x9
TomTheMap	06	TomTheMap_06	jpg	16x14
TomTheMap	07	TomTheMap_07	jpg	9x16
tonuoja	05	tonuoja_05	jpg	16x11
too_sham	01	too_sham_01	jpg	16x13
topographos2	01	topographos2_01	png	16x10
topographos2	02	topographos2_02	png	16x10
topographos2	03	topographos2_03	png	16x12
torehalset	01	torehalset_01	png	16x10
torehalset	06	torehalset_06	jpg	16x9
tqwhitetech	01	tqwhitetech_01	jpg	16x12
tqwhitetech	02	tqwhitetech_02	jpg	16x11
tristramg	01	tristramg_01	png	16x16
Troctolite10	01	Troctolite10_01	jpg	11x16
Troctolite10	02	Troctolite10_02	jpg	16x11
Troctolite10	03	Troctolite10_03	jpg	16x16
Troctolite10	05	Troctolite10_05	jpg	16x16
trolleway	01	trolleway_01	jpg	8x16
trolleway	02	trolleway_02	jpg	7x16
ultra_beba	01	ultra_beba_01	png	11x16
ultra_beba	02	ultra_beba_02	png	16x11
ultra_beba	03	ultra_beba_03	jpg	12x16
ultra_beba	04	ultra_beba_04	jpg	14x16
undertheraedar	01	undertheraedar_01	jpg	16x9
undertheraedar	02	undertheraedar_02	png	16x7
undertheraedar	03	undertheraedar_03	jpg	16x16
undertheraedar	05	undertheraedar_05	jpg	16x9
UT_moblab	01	UT_moblab_01	png	16x12
UT_moblab	02	UT_moblab_02	png	16x15
UT_moblab	03	UT_moblab_03	jpg	16x12
UT_moblab	04	UT_moblab_04	jpg	16x11
UT_moblab	05	UT_moblab_05	png	16x12
UT_moblab	06	UT_moblab_06	jpg	16x9
UT_moblab	07	UT_moblab_07	jpg	16x12
UT_moblab	08	UT_moblab_08	png	16x12
uvfns	01	uvfns_01	png	16x11
uvfns	02	uvfns_02	jpg	16x5
uvfns	03	uvfns_03	jpg	16x5
uvfns	05	uvfns_05	jpg	16x16
valen_ibiza	01	valen_ibiza_01	jpg	16x11
valen_ibiza	02	valen_ibiza_02	png	12x16
valen_ibiza	08	valen_ibiza_08	jpg	16x13
Valtzen	01	Valtzen_01	jpg	16x10
Valtzen	05	Valtzen_05	jpg	16x11
varaktor	01	varaktor_01	png	15x16
varaktor	02	varaktor_02	jpg	16x10
varaktor	04	varaktor_04	jpg	16x9
varaktor	05	varaktor_05	jpg	16x9
varaktor	07	varaktor_07	png	16x12
vaylafi	08	vaylafi_08	jpg	16x11
viajeruss	01	viajeruss_01	jpg	11x16
VictimOfMaths	01	VictimOfMaths_01	png	9x16
VictimOfMaths	02	VictimOfMaths_02	jpg	11x16
VictimOfMaths	03	VictimOfMaths_03	png	13x16
VictimOfMaths	04	VictimOfMaths_04	jpg	16x11
VictimOfMaths	04	VictimOfMaths_04	jpg	16x11
VictimOfMaths	05	VictimOfMaths_05	jpg	9x16
VictimOfMaths	05	VictimOfMaths_05	jpg	9x16
VictimOfMaths	06	VictimOfMaths_06	png	14x16
VictimOfMaths	07	VictimOfMaths_07	jpg	16x16
victor_medel9	01	victor_medel9_01	jpg	11x16
victor_medel9	03	victor_medel9_03	jpg	10x16
victor_medel9	05	victor_medel9_05	jpg	16x7
vivekparasharr	01	vivekparasharr_01	jpg	15x16
vivekparasharr	02	vivekparasharr_02	jpg	14x16
vivekparasharr	03	vivekparasharr_03	jpg	16x13
vivekparasharr	04	vivekparasharr_04	jpg	14x16
vivekparasharr	05	vivekparasharr_05	jpg	16x9
vivekparasharr	06	vivekparasharr_06	jpg	16x8
vivekparasharr	07	vivekparasharr_07	jpg	14x16
vizowl	01	vizowl_01	jpg	11x16
vizualdatos	02	vizualdatos_02	jpg	12x16
vlckel	01	vlckel_01	jpg	16x12
vlckel	02	vlckel_02	jpg	16x12
vlckel	03	vlckel_03	jpg	16x9
vlckel	04	vlckel_04	jpg	16x9
vlckel	05	vlckel_05	jpg	16x11
vlckel	06	vlckel_06	jpg	16x11
vlckel	07	vlckel_07	jpg	16x11
vtcraghead	01	vtcraghead_01	jpg	11x16
vtcraghead	02	vtcraghead_02	jpg	11x16
vtcraghead	03	vtcraghead_03	jpg	11x16
vtcraghead	04	vtcraghead_04	jpg	11x16
vtcraghead	05	vtcraghead_05	jpg	11x16
vtcraghead	06	vtcraghead_06	jpg	11x16
vtcraghead	07	vtcraghead_07	jpg	11x16
WestcountryRT	01	WestcountryRT_01	jpg	11x16
WestcountryRT	02	WestcountryRT_02	jpg	16x10
WestcountryRT	03	WestcountryRT_03	jpg	11x16
WestcountryRT	04	WestcountryRT_04	jpg	12x16
WestcountryRT	05	WestcountryRT_05	jpg	16x11
WestcountryRT	06	WestcountryRT_06	jpg	16x10
WestcountryRT	07	WestcountryRT_07	jpg	16x16
whiterabbit_sci	01	whiterabbit_sci_01	jpg	16x13
whiterabbit_sci	02	whiterabbit_sci_02	jpg	16x13
whiterabbit_sci	03	whiterabbit_sci_03	jpg	16x13
whiterabbit_sci	04	whiterabbit_sci_04	jpg	16x13
whiterabbit_sci	05	whiterabbit_sci_05	jpg	16x14
whiterabbit_sci	06	whiterabbit_sci_06	jpg	16x13
whiterabbit_sci	07	whiterabbit_sci_07	jpg	16x13
wndieps	07	wndieps_07	jpg	16x11
x_y_es	01	x_y_es_01	jpg	16x9
x_y_es	02	x_y_es_02	jpg	16x9
x_y_es	03	x_y_es_03	jpg	16x14
x_y_es	07	x_y_es_07	jpg	16x16
XtianMaps	01	XtianMaps_01	jpg	12x16
XtianMaps	02	XtianMaps_02	jpg	15x16
XtianMaps	03	XtianMaps_03	jpg	16x16
Yaireth_Ortiz	05	Yaireth_Ortiz_05	jpg	16x16
Yaireth_Ortiz	06	Yaireth_Ortiz_06	jpg	16x16
Yaireth_Ortiz	07	Yaireth_Ortiz_07	jpg	16x16
Yakus	01	Yakus_01	jpg	15x16
Yakus	02	Yakus_02	jpg	16x11
Yakus	03	Yakus_03	png	15x16
Yakus	04	Yakus_04	jpg	16x11
Yakus	05	Yakus_05	jpg	16x11
Yakus	06	Yakus_06	jpg	16x14
Yakus	07	Yakus_07	jpg	16x11
yeyomourglia	06	yeyomourglia_06	png	16x14
yeyomourglia	07	yeyomourglia_07	jpg	16x9
YocsanContreras	01	YocsanContreras_01	jpg	16x16
YocsanContreras	02	YocsanContreras_02	jpg	16x16
yolsclemente	01	yolsclemente_01	jpg	16x14
yolsclemente	02	yolsclemente_02	jpg	16x14
yolsclemente	03	yolsclemente_03	jpg	16x14
yolsclemente	04	yolsclemente_04	jpg	16x14
yolsclemente	05	yolsclemente_05	jpg	16x14
yolsclemente	06	yolsclemente_06	jpg	16x14
Zelbe04	02	Zelbe04_02	jpg	11x16
Zelbe04	03	Zelbe04_03	jpg	11x16
Zelbe04	05	Zelbe04_05	jpg	16x11
Zelbe04	06	Zelbe04_06	jpg	16x11
zentree	01	zentree_01	jpg	16x13
zentree	02	zentree_02	jpg	16x14
zentree	03	zentree_03	png	16x9
zentree	04	zentree_04	jpg	16x14
zentree	05	zentree_05	jpg	13x16
zentree	06	zentree_06	jpg	16x11
zentree	07	zentree_07	jpg	16x11
zentree	08	zentree_08	jpg	16x13
zerbembasqwibo	01	zerbembasqwibo_01	jpg	16x12
zerbembasqwibo	02	zerbembasqwibo_02	png	16x13
zerbembasqwibo	06	zerbembasqwibo_06	jpg	16x11
